latitude,longitude,elevation_m,upstream_catchment_km2,is_historical_paddy,distance_to_river_m,slope_degrees,flooded_2018_sar,flooded
9.487188320315717,76.36495503505904,0.0,0.10170000046491623,0,42.30464172363281,5.18878173828125,1,1
9.4843183080854,76.36452098553812,0.0,0.0027000000700354576,0,360.2110290527344,0.0,1,1
9.240195743278985,76.51993190663794,15.170452117919922,0.0017999999690800905,0,1083.5274658203125,6.143306732177734,0,0
9.433684044190128,76.5010804781692,-0.10282820463180542,0.0008999999845400453,0,628.19189453125,1.3378766775131226,1,1
9.471933183276423,76.372454608973,-0.8160790205001831,0.0008999999845400453,0,508.5362854003906,2.1018593311309814,1,1
9.406382248420952,76.70441359210459,108.76023864746094,0.0008999999845400453,0,479.5562744140625,11.768237113952637,0,0
9.36614897392625,76.38803780085756,0.09528946131467819,0.0008999999845400453,0,317.9891052246094,1.043347954750061,1,1
8.484852393619704,76.91897745822456,3.940260410308838,0.0008999999845400453,0,1593.0379638671875,0.35473379492759705,1,1
11.010551582992553,75.89551439241306,1.1918150186538696,0.0008999999845400453,0,179.4833984375,0.6072184443473816,1,1
11.308154677746245,76.2350693259618,44.33725357055664,0.0008999999845400453,0,508.5362854003906,11.720232963562012,0,0
9.759135429713933,76.30033035427009,0.19569236040115356,0.0008999999845400453,0,269.22509765625,0.37457162141799927,1,1
10.146954103925548,76.7138767915876,35.0,0.0008999999845400453,0,119.65559387207031,0.0,1,1
10.419136801633142,76.16088699454819,0.6191943287849426,0.005400000140070915,0,360.2110290527344,0.41637274622917175,1,1
9.561653148331978,76.44891725033277,0.29892775416374207,0.0008999999845400453,0,507.65570068359375,0.5020840764045715,1,1
11.186478847789765,76.06491663607406,53.46364212036133,0.0017999999690800905,0,1046.9864501953125,10.081298828125,0,0
9.768229067107013,76.95664030677597,1137.924560546875,0.0027000000700354576,0,1311.1026611328125,47.90709686279297,0,0
10.126898267165267,76.69399441414545,87.14802551269531,0.0044999998062849045,0,317.9891052246094,22.477970123291016,0,0
10.454816443182747,76.54737711751362,800.6318359375,0.0008999999845400453,0,1205.8677978515625,27.740081787109375,0,0
10.118249687287003,76.41197761184785,2.061155319213867,0.0008999999845400453,0,169.21856689453125,1.513100504875183,1,1
10.634719099879987,75.97936269422664,0.0,0.035999998450279236,0,2181.254638671875,0.0,0,0
10.19105104932876,76.26867374606856,1.0389420986175537,0.02879999950528145,0,549.9603271484375,1.3945754766464233,1,1
11.385069761087887,76.39283057877144,242.7536163330078,0.03959999978542328,0,4865.03369140625,13.709247589111328,0,0
10.204107859630557,76.29476587657739,8.851469993591309,0.0027000000700354576,0,1139.0872802734375,6.132004737854004,0,0
11.871570638716555,75.68071393972315,38.9997673034668,0.0017999999690800905,0,149.56948852539062,7.97747278213501,0,0
12.040808944568035,75.69100605125693,85.50807189941406,0.0017999999690800905,0,149.56948852539062,16.089935302734375,0,0
9.82004456542974,76.67844220810383,68.45062255859375,0.0017999999690800905,0,191.5424041748047,6.5196332931518555,0,0
11.790613718271523,75.88992618165614,749.2825317382812,0.0008999999845400453,0,571.5042114257812,19.616281509399414,0,0
11.611343135265656,76.34871574826387,886.1307983398438,0.0008999999845400453,0,0.0,7.554059982299805,0,0
9.148061787974033,76.46072600195818,0.0,0.0,0,2346.668701171875,0.0,1,1
9.131145179277585,77.06426249161798,60.0,0.055799998342990875,0,29.913898468017578,15.621328353881836,0,0
9.061440245405965,76.84419265848119,50.80936050415039,0.0017999999690800905,0,966.5476684570312,13.037606239318848,0,0
10.531126997975607,76.26439233038343,34.08690643310547,0.0008999999845400453,0,1043.5621337890625,1.9551810026168823,0,0
10.716114954083357,76.1569586046167,82.13953399658203,0.0008999999845400453,0,1799.0667724609375,16.054418563842773,0,0
9.087381390386762,76.77622560867759,21.284751892089844,0.024299999698996544,0,549.9603271484375,4.776925563812256,0,0
10.575478795926855,76.56330347774826,69.113525390625,0.0008999999845400453,0,29.913898468017578,6.6153564453125,0,0
9.54304407372762,76.91750511209635,185.93370056152344,0.0008999999845400453,0,850.8388061523438,29.051923751831055,0,0
9.827403974897587,76.4034405286079,0.5,0.008999999612569809,0,508.5362854003906,0.0,1,1
11.381721872153447,75.94718306673839,48.47625732421875,0.0017999999690800905,0,530.0756225585938,12.613707542419434,0,0
8.703146320588806,76.90771996980735,119.9437026977539,0.0333000011742115,0,1776.794921875,13.415565490722656,0,0
10.261910394366016,76.48369175179587,63.161685943603516,0.0008999999845400453,0,179.4833984375,2.3007233142852783,0,0
9.0785934450912,76.70613028815377,41.25904083251953,0.0017999999690800905,0,974.38525390625,9.513298034667969,0,0
9.568920331607515,76.53598341207645,0.5334455966949463,0.024299999698996544,0,448.70849609375,0.45788124203681946,1,1
10.261485524223662,76.2772268159153,6.972409248352051,0.025200000032782555,0,1151.1993408203125,3.8689749240875244,1,1
9.001984446498719,76.94744283015609,74.67247009277344,0.0008999999845400453,0,448.70849609375,4.441555500030518,0,0
9.50729235750185,76.42129774552598,-1.153969168663025,0.0008999999845400453,0,360.2110290527344,0.38053229451179504,1,1
9.405618943620874,76.36758776237085,-0.646309494972229,0.0008999999845400453,0,119.65559387207031,0.46547406911849976,1,1
11.127155793751768,76.58953716604023,775.6624755859375,0.0017999999690800905,0,448.70849609375,23.413970947265625,0,0
10.954523053719617,76.18616453661353,112.60556030273438,0.0008999999845400453,0,936.4531860351562,12.23776912689209,0,0
10.29181195163487,76.1430255992629,10.994661331176758,0.0008999999845400453,0,59.827796936035156,2.5842690467834473,0,0
9.468779523736153,76.49785163994856,0.015374298207461834,0.0008999999845400453,0,1030.185302734375,1.3910332918167114,1,1
9.206617441441212,76.70889822998605,7.1424760818481445,0.0008999999845400453,0,418.7945861816406,0.15136776864528656,1,1
9.609373381478097,76.52094608745826,0.6144150495529175,0.07919999957084656,0,406.8730163574219,3.049694061279297,1,1
9.208822159099984,76.5802656302656,30.53700828552246,0.0008999999845400453,0,1675.1783447265625,2.436251401901245,0,0
10.142676089349578,76.6932843490889,34.5,0.4796999990940094,0,119.65559387207031,0.0,1,1
8.839277242493779,76.66198959033048,0.0,0.0008999999845400453,0,507.65570068359375,0.0,1,1
8.555685298273515,76.99478624340118,59.582611083984375,0.0008999999845400453,0,1287.688232421875,7.113624095916748,0,0
9.972746996019815,76.36960416445545,3.2853498458862305,0.003599999938160181,0,556.4306640625,3.72635555267334,0,0
9.563795925287957,76.49556103760153,-0.6353742480278015,0.005400000140070915,0,909.7957153320312,0.14295892417430878,1,1
9.214234330939918,76.60383027898494,3.53346848487854,0.0494999997317791,0,508.5362854003906,0.2598860561847687,1,1
12.02261527068563,75.60319929014886,79.72590637207031,0.0008999999845400453,0,613.7818603515625,10.238289833068848,0,0
9.440813379859895,76.51582361374285,-0.569092333316803,0.0017999999690800905,0,149.56948852539062,0.5810075402259827,1,1
9.561049209239547,76.49960876569475,0.0,0.0044999998062849045,0,564.414306640625,0.5758256912231445,1,1
10.761673984209688,76.34477285839804,35.76397705078125,0.0008999999845400453,0,169.21856689453125,0.3093818426132202,0,0
9.542250057437995,76.45828391821597,-0.22974862158298492,0.0008999999845400453,0,740.0289916992188,1.0464849472045898,1,1
9.576758582882139,76.53404329581713,0.0033179474994540215,0.0008999999845400453,0,191.5424041748047,0.08658060431480408,1,1
10.241031289486099,76.69526151391743,160.0,0.008999999612569809,0,179.4833984375,0.0,1,1
11.187120374298122,76.08657718937454,68.62490844726562,0.0008999999845400453,0,1675.1783447265625,5.660599231719971,0,0
11.295445338875755,76.44582131700597,686.6946411132812,0.0027000000700354576,0,1166.64208984375,21.714750289916992,0,0
9.660913389512565,76.97906338942386,833.3196411132812,0.07199999690055847,0,388.88067626953125,13.363595008850098,0,0
10.987442739329413,76.5437793102422,93.5,0.006300000008195639,0,169.21856689453125,0.0,1,1
9.34840955807019,76.40139414015158,1.840704321861267,0.0017999999690800905,0,317.9891052246094,4.676455974578857,1,1
10.289666440819184,76.19031146050622,0.5,0.003599999938160181,0,89.74169921875,0.0,1,1
11.98328087106448,75.61789623858394,48.042579650878906,0.0027000000700354576,0,209.3972930908203,9.383346557617188,0,0
9.335864932933328,76.49238876039362,0.5761899352073669,0.0008999999845400453,0,719.1788940429688,0.7772738933563232,1,1
9.204756071195808,76.61547875121151,2.99033260345459,0.0008999999845400453,0,119.65559387207031,1.0031917095184326,1,1
9.247051795699383,76.55578881110532,0.5,0.03060000017285347,0,107.85609436035156,0.0,1,1
9.321021462304428,76.81559325598609,75.019287109375,0.0017999999690800905,0,211.52320861816406,11.412152290344238,0,0
10.171841154977471,76.77565279012056,95.19579315185547,0.0008999999845400453,0,358.966796875,14.9423189163208,0,0
10.879624838859542,76.12468893596804,8.0,0.017999999225139618,0,296.1324768066406,0.0,1,1
10.252818195206984,76.1660018239943,13.427755355834961,0.0008999999845400453,0,825.211669921875,1.0234248638153076,0,0
9.385495333693934,76.43342542440462,1.840113639831543,0.0008999999845400453,0,239.31118774414062,1.4744502305984497,1,1
9.407292401924977,76.3770113337948,-0.6567437648773193,0.0008999999845400453,0,448.70849609375,2.119020700454712,1,1
10.079936128389377,76.22557501243035,0.0,0.005400000140070915,0,3547.667236328125,0.0,1,1
9.224589816683192,76.45549411570033,10.288639068603516,0.0008999999845400453,0,605.7102661132812,2.3402600288391113,0,0
10.028885251409438,76.23360170713485,0.9128944277763367,0.0008999999845400453,0,2597.518798828125,0.990456759929657,1,1
10.150080431187876,76.88303884003298,696.98486328125,0.003599999938160181,0,1645.264404296875,46.255489349365234,0,0
9.239868865275355,77.25647190587891,1139.4771728515625,0.0008999999845400453,0,9273.501953125,16.14068031311035,0,0
10.61408634359159,76.34190459979867,249.88218688964844,0.0044999998062849045,0,1183.396240234375,20.470523834228516,0,0
9.421099732739659,76.38689970032172,2.262918472290039,0.0008999999845400453,0,908.3191528320312,0.4046609699726105,1,1
10.064934156101664,76.62383552226355,27.104429244995117,0.0008999999845400453,0,119.65559387207031,5.2598795890808105,0,0
9.398303265654162,76.45440137116941,-0.6516971588134766,0.0027000000700354576,0,126.91392517089844,0.6320933103561401,1,1
8.663667089387951,77.16115939638082,238.70838928222656,0.008999999612569809,0,149.56948852539062,19.11473274230957,0,0
9.421734561440788,76.36420970155864,-1.1256376504898071,0.003599999938160181,0,444.70208740234375,0.18688610196113586,1,1
10.322952180174205,76.759655362215,915.2974853515625,0.0008999999845400453,0,1376.039306640625,14.278719902038574,0,0
10.994811394244746,75.998028144322,35.823143005371094,0.0027000000700354576,0,1143.0084228515625,3.8503289222717285,0,0
10.95994265078238,76.26796377769767,114.34172058105469,0.0017999999690800905,0,1435.8671875,11.649423599243164,0,0
8.935390059039664,77.10661110394852,114.5,0.00989999994635582,0,1015.3114013671875,0.0,1,1
9.070424083013044,76.63740186220754,30.922399520874023,0.0017999999690800905,0,846.6214599609375,7.250687599182129,0,0
11.582936368094213,75.6924309313313,4.0,0.03060000017285347,0,233.63502502441406,0.0,1,1
12.314308189903823,75.40128587692189,121.74359130859375,0.0017999999690800905,0,358.966796875,18.5777645111084,0,0
9.747809589509584,76.73250026805657,81.15666198730469,0.0008999999845400453,0,84.60928344726562,1.6526638269424438,0,0
9.536224946602239,76.49460553727494,0.4339575171470642,0.0008999999845400453,0,545.87744140625,0.7274450659751892,1,1
9.657892479526925,76.5971955809765,15.274505615234375,0.0008999999845400453,0,126.91392517089844,13.299164772033691,0,0
10.436783116253848,76.27853938144969,18.084381103515625,0.012600000016391277,0,777.7613525390625,3.724116086959839,0,0
8.530182805753306,77.1374914724861,93.35955810546875,0.0008999999845400453,0,119.65559387207031,9.128746032714844,0,0
9.44816160229015,76.36928909464639,0.8378976583480835,0.0008999999845400453,0,448.70849609375,0.6745886206626892,1,1
10.846417561812807,76.79073730965099,833.4586791992188,0.0008999999845400453,0,2157.951416015625,36.07198715209961,0,0
10.180834665541234,76.46997397683975,2.0,0.0008999999845400453,0,126.91392517089844,0.0,1,1
9.670478606906798,76.50266734206681,-0.6180571913719177,0.0027000000700354576,0,769.083984375,0.2058795690536499,1,1
9.608857410754515,76.38491908056906,0.0,0.0333000011742115,0,2037.661376953125,0.0,1,1
11.803351502558073,75.45252747255473,28.305435180664062,0.012600000016391277,0,897.4169921875,3.6473305225372314,0,0
9.632244457537661,76.45283351712084,-0.24764662981033325,0.005400000140070915,0,1017.0725708007812,5.467593193054199,1,1
11.152454349350574,76.49865521340355,1587.375732421875,0.0017999999690800905,0,360.2110290527344,11.28097152709961,0,0
8.445291748361738,76.99109934344031,11.056560516357422,0.0017999999690800905,0,179.4833984375,3.765354633331299,0,0
9.456237266959846,76.99228168858819,276.4828186035156,0.0008999999845400453,0,1505.5341796875,16.387516021728516,0,0
11.847475467215753,75.86485748497417,835.3232421875,0.0027000000700354576,0,2096.748779296875,13.542375564575195,0,0
10.114264185344865,76.22326769575146,-0.5,0.0017999999690800905,0,711.0452880859375,0.6678786873817444,1,1
9.296328560411206,77.20512834525815,1312.0986328125,0.017100000753998756,0,4578.48828125,20.423580169677734,0,0
10.011751472530731,77.12575639278381,948.310791015625,0.0008999999845400453,0,149.56948852539062,7.782571315765381,0,0
9.636469579352939,76.29486215927243,0.0,0.006300000008195639,0,973.0067749023438,6.325348854064941,1,1
10.770040652682601,76.12694943145293,14.055493354797363,0.1898999959230423,0,329.0528869628906,0.13046135008335114,1,1
10.46320271687462,76.14890538983731,0.6786097884178162,0.0008999999845400453,0,89.74169921875,0.9034831523895264,1,1
8.91809754754021,77.12137845675842,114.5,0.005400000140070915,0,169.21856689453125,12.214932441711426,1,1
9.828734771241221,76.28655897861671,-1.3530206680297852,0.0017999999690800905,0,360.2110290527344,6.830408573150635,0,0
9.48943563457728,76.37708315142254,0.5,0.0027000000700354576,0,0.0,0.0,1,1
11.992727291272104,75.31110624340462,12.259367942810059,0.0008999999845400453,0,370.0144958496094,2.419279098510742,0,0
9.12382313981397,77.12701204814209,332.77557373046875,0.0008999999845400453,0,938.8390502929688,22.903654098510742,0,0
12.416467302451984,75.05459167571541,39.4925537109375,0.0008999999845400453,0,698.3469848632812,0.4728580713272095,0,0
10.280253542238002,76.43647345224154,95.15270233154297,0.003599999938160181,0,1053.8017578125,5.955743789672852,0,0
10.465071472171658,76.38153281794928,405.5537109375,0.0008999999845400453,0,1316.5513916015625,11.4271879196167,0,0
10.147779644757275,76.2388561827445,5.455068111419678,0.0017999999690800905,0,42.30464172363281,3.693051815032959,0,0
8.869875292759318,76.69372704264991,1.5,0.0008999999845400453,0,501.4483337402344,0.0,1,1
10.214945383797804,76.3710274888988,29.282655715942383,0.0008999999845400453,0,508.5362854003906,1.7657651901245117,0,0
9.718660010633155,76.46382072733923,0.05216430500149727,0.0008999999845400453,0,538.4501953125,0.212077796459198,1,1
11.5468310536145,75.87312540393921,41.5,0.0017999999690800905,0,66.88951110839844,14.637579917907715,1,1
11.40545046265867,75.7409824973151,20.870309829711914,0.0008999999845400453,0,747.8474731445312,0.7929454445838928,0,0
10.034501914657408,76.24376301343948,0.0,0.006300000008195639,0,1516.4901123046875,0.0,1,1
10.83495160178382,76.20963895310577,158.6491241455078,0.0008999999845400453,0,1230.8397216796875,9.081548690795898,0,0
9.137018607963762,77.0023406615994,39.9722900390625,0.0008999999845400453,0,269.22509765625,16.564804077148438,0,0
12.265522113951711,75.20920970070354,59.435611724853516,0.008999999612569809,0,816.4905395507812,22.50370216369629,0,0
9.347693859146464,76.4325546950523,-2.051199436187744,0.011699999682605267,0,927.3308715820312,2.3037641048431396,1,1
9.642122051495228,76.4567588959601,-0.35660821199417114,0.0008999999845400453,0,507.65570068359375,0.22089582681655884,1,1
10.388024700323708,76.19201276769292,1.1087956428527832,0.0008999999845400453,0,29.913898468017578,1.3313219547271729,1,1
11.202892364739954,75.9523995876476,35.94231033325195,0.0017999999690800905,0,84.60928344726562,5.755650520324707,0,0
8.892894588100791,77.17395817991952,114.5,0.0008999999845400453,0,29.913898468017578,0.0,1,1
11.311858962849389,76.22478358308375,37.261260986328125,0.005400000140070915,0,1645.264404296875,15.127299308776855,0,0
10.031198363230823,76.87224473010157,543.463134765625,0.0008999999845400453,0,0.0,10.641829490661621,0,0
10.94970939284285,76.56919123155372,391.2684326171875,0.003599999938160181,0,1136.7281494140625,34.37706756591797,0,0
10.24221739724671,76.75582804245683,160.0,0.02879999950528145,0,628.19189453125,0.0,1,1
9.394016993731974,76.45577694340764,2.834348201751709,0.0008999999845400453,0,59.827796936035156,0.5924047231674194,1,1
10.451160162822596,76.55828976081906,762.314697265625,0.006300000008195639,0,1882.6754150390625,28.75689125061035,0,0
9.569437063864475,76.50855266324398,0.288504958152771,0.0008999999845400453,0,217.77647399902344,0.33376795053482056,1,1
9.581251574277996,76.46334710390215,-0.4506761133670807,0.007199999876320362,0,927.3308715820312,0.1385902464389801,1,1
10.060601398230265,76.25061556478609,0.09218277037143707,0.0008999999845400453,0,1178.470947265625,0.9224909543991089,1,1
10.238378954479238,76.22685657861545,0.5,0.0017999999690800905,0,29.913898468017578,3.3644230365753174,1,1
9.567276883690042,76.36779053604617,0.0,0.017100000753998756,0,1046.9864501953125,0.0,1,1
12.403611388527615,75.12438020608622,109.27448272705078,0.0008999999845400453,0,656.0630493164062,2.7647342681884766,0,0
9.838241917593407,77.18440341915122,1015.1726684570312,0.005400000140070915,0,656.74462890625,27.25519371032715,0,0
11.00982611462127,75.86639542177409,0.5,29.326499938964844,0,507.65570068359375,0.0,1,1
9.700678187962696,76.33139543062131,3.179474353790283,0.0027000000700354576,0,29.913898468017578,7.726905345916748,1,1
10.593333655855929,76.05463333298171,13.233176231384277,0.0008999999845400453,0,1459.6634521484375,4.357461929321289,0,0
9.460506022640413,76.3818828771955,-0.4416394829750061,0.0008999999845400453,0,59.827796936035156,0.14016321301460266,1,1
11.618113375067825,75.76226198748526,7.932228088378906,0.0414000004529953,0,837.5891723632812,5.987098693847656,0,0
10.213397075420733,76.3290096264442,10.815630912780762,0.008100000210106373,0,776.0336303710938,4.5484161376953125,0,0
9.234184794341425,77.10451488332707,890.3861694335938,0.0027000000700354576,0,1934.252197265625,15.603978157043457,0,0
9.708237920831118,76.46156991010986,-0.26173874735832214,0.0008999999845400453,0,777.7613525390625,0.1136317029595375,1,1
9.662305725322573,76.44004447970342,-0.15145263075828552,0.0008999999845400453,0,539.2804565429688,0.3324916660785675,1,1
10.150743128532763,76.17768045098097,0.0,0.007199999876320362,0,2030.622802734375,0.0,1,1
9.417315180770311,76.38584966253592,-0.4037848711013794,0.0027000000700354576,0,762.6577758789062,0.10040443390607834,1,1
10.851034311911064,76.7020407911873,112.5,0.0017999999690800905,0,84.60928344726562,0.0,1,1
9.51579691130744,77.35164093157465,1059.8861083984375,0.148499995470047,0,5667.95361328125,13.370953559875488,0,0
10.826417469442628,76.47122925597114,67.28750610351562,0.006300000008195639,0,575.4053344726562,10.98361873626709,0,0
10.279295961316254,77.17568851734946,1107.836669921875,0.0017999999690800905,0,1132.3902587890625,27.388399124145508,0,0
12.254205229881762,75.21084143359867,86.10285949707031,0.0017999999690800905,0,879.794189453125,10.251470565795898,0,0
9.282721499095057,76.83854105808561,112.88361358642578,0.0008999999845400453,0,399.1011962890625,17.52808380126953,0,0
12.120641758187332,75.3769479337502,97.09373474121094,0.0008999999845400453,0,656.0630493164062,9.761775016784668,0,0
9.96831462986507,77.0285967408278,624.2798461914062,0.0008999999845400453,0,567.5763549804688,12.199137687683105,0,0
11.468050600405526,75.73799991292613,50.21866989135742,0.0008999999845400453,0,191.5424041748047,15.976211547851562,0,0
11.502984130248379,75.89841442381476,122.29776000976562,0.003599999938160181,0,423.0464172363281,19.72328758239746,0,0
10.250710143205726,76.68485677801846,160.0,0.0008999999845400453,0,149.56948852539062,0.0,1,1
10.728541463506417,75.98345212028735,-0.7463182210922241,0.0008999999845400453,0,149.56948852539062,1.1619774103164673,1,1
10.186887256180196,77.11926045689576,1197.6494140625,0.006300000008195639,0,66.88951110839844,9.848770141601562,0,0
11.846077583046704,75.60717914461853,45.247657775878906,0.0017999999690800905,0,89.74169921875,11.26257038116455,0,0
9.511292126164749,76.46035758392593,-2.0857322216033936,0.005400000140070915,0,571.5042114257812,1.7711515426635742,1,1
10.104577486705839,76.30973028207318,7.9173583984375,0.0008999999845400453,0,444.70208740234375,1.9059957265853882,0,0
9.669028466878762,76.50248529031539,-0.4293522536754608,0.0027000000700354576,0,718.5565185546875,0.16024498641490936,1,1
9.514442663910042,77.10557768005765,1049.4656982421875,0.003599999938160181,0,1396.6939697265625,26.458086013793945,0,0
9.628344465013576,76.4697414759835,-0.3397948443889618,0.0008999999845400453,0,598.2779541015625,0.23045627772808075,1,1
9.561895478945765,76.35988504005118,0.0,0.09629999846220016,0,1226.4698486328125,0.0,1,1
9.35228248941842,76.37350903300637,1.233859896659851,0.0008999999845400453,0,953.9673461914062,0.7576588988304138,1,1
8.537865136097958,77.1717667070075,81.0,0.07829999923706055,0,119.65559387207031,0.0,1,1
10.690025443311942,76.1282887468477,59.04219055175781,0.0027000000700354576,0,1163.954345703125,8.907794952392578,0,0
9.474217349745267,77.09760420017179,1185.7015380859375,0.0008999999845400453,0,2327.139892578125,12.682066917419434,0,0
9.564279135699246,76.40196005501417,0.0,0.0008999999845400453,0,1930.547607421875,0.0,1,1
10.03194846954365,76.80083508431521,364.70989990234375,0.006300000008195639,0,850.8388061523438,15.028824806213379,0,0
9.661265301278954,76.43703097209996,0.05227958783507347,0.0008999999845400453,0,330.4098205566406,0.8204508423805237,1,1
10.779296476669732,76.122553363376,24.91145896911621,0.0008999999845400453,0,29.913898468017578,2.4032201766967773,0,0
10.862637230378464,76.6565844327138,112.5,0.0017999999690800905,0,211.52320861816406,0.0,1,1
11.448084013842426,75.98625768218248,85.0224380493164,0.0008999999845400453,0,253.82785034179688,0.5548526644706726,0,0
9.319361797112302,76.70047434231958,8.311412811279297,0.0017999999690800905,0,84.60928344726562,12.405547142028809,1,1
10.102764857021173,76.21796755852257,0.0,0.0008999999845400453,0,1967.279541015625,0.0,1,1
10.547169650139235,76.64092138126354,109.5,0.0027000000700354576,0,211.52320861816406,11.602243423461914,1,1
8.8720565722506,77.02381519191039,187.38377380371094,0.0008999999845400453,0,1028.011474609375,5.85530424118042,0,0
9.560317049825835,76.4769932996655,0.18411041796207428,0.0008999999845400453,0,0.0,0.30266886949539185,1,1
9.632744031101774,77.05335265785868,791.9152221679688,0.0017999999690800905,0,119.65559387207031,4.229189395904541,0,0
11.454683467994968,76.015635947333,82.19561004638672,0.0027000000700354576,0,444.70208740234375,10.04999828338623,0,0
11.238085180390577,76.39481135058449,653.0224609375,0.00989999994635582,0,622.4678955078125,33.40266036987305,0,0
9.613256958026314,76.46507466218138,2.7877132892608643,0.0008999999845400453,0,444.70208740234375,2.668640613555908,0,0
9.217315604927874,76.49458996142775,0.29240119457244873,0.0008999999845400453,0,358.966796875,0.5745631456375122,1,1
8.458963614491408,77.14549870122306,117.46272277832031,0.0008999999845400453,0,936.4531860351562,9.891868591308594,0,0
9.539294509229382,76.45891351541817,-1.4062414169311523,0.008100000210106373,0,808.2290649414062,0.8299407362937927,1,1
10.628082366932476,76.49452496121445,57.073814392089844,0.0008999999845400453,0,551.5850219726562,4.654524326324463,0,0
9.634386263194314,76.46472844109253,1.1389529705047607,0.0008999999845400453,0,1046.9864501953125,5.028656005859375,1,1
9.572991355954368,76.3666075311141,0.0,0.0008999999845400453,0,688.669677734375,0.0,1,1
10.917623329698833,76.03408223103635,79.07450866699219,0.01889999955892563,0,642.2786254882812,7.275811672210693,0,0
11.42339713272357,75.96346945449692,46.79106521606445,0.0008999999845400453,0,1015.3114013671875,9.041438102722168,1,1
9.043394625324106,76.63939305951133,0.0,0.0044999998062849045,0,29.913898468017578,0.0,1,1
10.109627643100268,77.0208476928353,1535.571044921875,0.00989999994635582,0,1017.0725708007812,21.25882339477539,0,0
12.174205998979243,75.27194078211814,77.81956481933594,0.0008999999845400453,0,388.88067626953125,2.106616497039795,0,0
11.356945388883393,75.74545569144084,0.0,0.008999999612569809,0,84.60928344726562,0.0,1,1
8.61780645155758,77.00703713396129,86.32350158691406,0.007199999876320362,0,883.8532104492188,9.318450927734375,0,0
9.106896099417224,76.60236087587117,1.9921109676361084,0.0017999999690800905,0,29.913898468017578,0.13892395794391632,1,1
9.5641961032168,76.46501467506604,-0.6034175157546997,0.0017999999690800905,0,973.9259643554688,0.49466463923454285,1,1
9.861709703299937,76.26937614787656,0.23014259338378906,0.005400000140070915,0,418.7945861816406,0.5023242235183716,1,1
9.412473208366412,76.39680835264183,-1.3838332891464233,0.027000000700354576,0,1103.5755615234375,1.633882761001587,1,1
11.234240822622263,76.18225329917719,12.15365219116211,0.06030000001192093,0,872.1325073242188,0.9716620445251465,1,1
9.792980062950999,76.28591010207103,0.10405822843313217,0.0008999999845400453,0,59.827796936035156,0.7859300971031189,1,1
10.248234620354182,76.7681724704586,160.0,0.04410000145435333,0,29.913898468017578,0.0,1,1
11.617463993409633,75.96693101186996,1076.76025390625,0.0017999999690800905,0,1286.6453857421875,25.357425689697266,0,0
10.017564012026838,77.0646956990261,810.4368896484375,0.0017999999690800905,0,233.63502502441406,22.544281005859375,0,0
10.772504692469813,76.34810390972774,50.81654739379883,0.0027000000700354576,0,952.0894165039062,6.218725681304932,0,0
9.741053283834857,76.8916459346246,873.0952758789062,0.0008999999845400453,0,1166.64208984375,14.005847930908203,0,0
9.936678323319237,76.48137361154639,4.097575664520264,0.04320000112056732,0,107.85609436035156,0.49209296703338623,1,1
11.918790540130924,75.65570374928824,110.78351593017578,0.005400000140070915,0,698.3469848632812,17.098541259765625,0,0
9.413403719171042,76.36402043474092,-0.8449205756187439,0.0008999999845400453,0,149.56948852539062,0.30438560247421265,1,1
9.105603904438713,76.65440972928748,6.4790520668029785,0.007199999876320362,0,209.3972930908203,0.7490489482879639,1,1
10.106624415523473,76.35863172383291,27.712329864501953,0.0044999998062849045,0,831.6924438476562,3.271728515625,1,1
10.222080925282956,76.6714478126625,495.7663879394531,0.0027000000700354576,0,596.0302124023438,25.065345764160156,0,0
9.716753809164025,76.4103205515012,0.0,0.0044999998062849045,0,656.0630493164062,8.322770118713379,1,1
9.112023578382871,76.56882204556042,17.9926700592041,0.0008999999845400453,0,1566.1290283203125,1.4673713445663452,0,0
9.555799706340547,76.50081202279226,0.18253105878829956,0.0017999999690800905,0,152.53155517578125,0.6966659426689148,1,1
10.017247638153027,76.85664857792956,40.0,0.02250000089406967,0,84.60928344726562,6.350137233734131,1,1
9.57622866225103,76.36614581522937,0.0,0.03240000084042549,0,567.5763549804688,0.0,1,1
9.219347317162475,76.43492576581309,0.0,0.06750000268220901,0,59.827796936035156,0.0,1,1
11.149148144504663,75.94184171372487,57.85519027709961,0.0008999999845400453,0,717.93359375,4.864475727081299,0,0
9.703352987511026,76.4649761644026,-0.8275712132453918,0.0027000000700354576,0,418.7945861816406,1.9453754425048828,1,1
8.54275496140355,76.94779844721,45.967506408691406,0.0017999999690800905,0,766.1696166992188,9.520179748535156,0,0
9.269839820893642,76.45164123939823,6.735328674316406,0.0017999999690800905,0,215.71218872070312,8.71247673034668,0,0
8.548714160807005,77.18830490138517,85.73519897460938,0.0017999999690800905,0,89.74169921875,16.201889038085938,1,1
10.198466006079784,76.22967941626254,1.5,0.007199999876320362,0,740.6333618164062,0.0,1,1
12.386417417986479,75.23677152058119,298.33026123046875,0.006300000008195639,0,1023.2127685546875,10.548688888549805,0,0
9.366222502514441,76.36279189670317,0.5139222145080566,0.0008999999845400453,0,1972.0498046875,2.5874741077423096,1,1
10.24906797767007,76.75166886890969,160.0,0.0008999999845400453,0,119.65559387207031,0.0,1,1
9.045132846114587,76.82307423443822,44.90745544433594,0.003599999938160181,0,299.13897705078125,8.31953239440918,0,0
8.782372029338598,76.88927256393373,79.39134216308594,0.008999999612569809,0,423.0464172363281,10.376656532287598,0,0
9.919627636746561,76.2868295082059,4.940202236175537,0.0008999999845400453,0,2300.26025390625,2.2662746906280518,0,0
9.591114886363602,76.40117236916097,0.0,0.0008999999845400453,0,3940.4677734375,0.0,1,1
9.864994986819898,76.75194966790168,45.161102294921875,0.0008999999845400453,0,29.913898468017578,12.25788688659668,0,0
11.050751629622921,76.47681815764646,642.4462890625,0.0017999999690800905,0,1524.435302734375,27.827173233032227,0,0
11.105749965915876,76.14435876440861,62.791351318359375,0.003599999938160181,0,1290.4649658203125,11.289649963378906,0,0
10.75393381717701,76.62366242284317,73.43251037597656,0.02879999950528145,0,84.60928344726562,6.052501678466797,0,0
10.485428359285319,76.17346827473762,0.0116640105843544,0.0008999999845400453,0,388.88067626953125,0.3283773362636566,1,1
9.458299763445902,76.3750185082588,1.7507445812225342,0.0008999999845400453,0,338.4371337890625,1.1236631870269775,1,1
10.47184636996921,76.09338760904753,0.5,16.920900344848633,0,59.827796936035156,0.0,1,1
8.89473155602413,77.18303085994492,114.5,0.0008999999845400453,0,749.64013671875,0.0,1,1
10.789751616035804,75.91486055733394,0.0,0.0044999998062849045,0,2781.99267578125,0.0,1,1
10.520547436420118,76.38813223266224,77.0,0.0017999999690800905,0,662.17236328125,0.0,1,1
9.55569367342,76.3958937107444,0.0,0.017999999225139618,0,2542.681396484375,0.0,1,1
8.535210944175766,77.16573619031657,81.0,0.0017999999690800905,0,107.85609436035156,0.0,1,1
10.903790708449407,76.51901377645429,87.93497467041016,0.0017999999690800905,0,497.86651611328125,7.592688083648682,0,0
10.123572796079703,76.20853035107078,0.0,0.011699999682605267,0,1303.230224609375,0.0,1,1
10.248249637631478,76.20310552737695,0.5,0.003599999938160181,0,119.65559387207031,0.0,1,1
10.065165663966194,76.93715553664177,1157.373779296875,0.02160000056028366,0,1703.25439453125,14.61810302734375,0,0
12.163944864182064,75.27738696852911,47.201995849609375,0.11339999735355377,0,418.7945861816406,4.005540370941162,0,0
10.400020224045578,76.2047896767058,1.0124229192733765,0.0008999999845400453,0,299.13897705078125,0.42444702982902527,1,1
11.56502653846919,75.76305015138544,39.404541015625,0.0008999999845400453,0,571.5042114257812,7.42399263381958,0,0
11.23802147487849,76.0431708056116,3.0,0.013500000350177288,0,59.827796936035156,0.0,1,1
10.038378219801706,76.8221256858252,122.10401916503906,0.003599999938160181,0,486.9629821777344,26.71883201599121,0,0
10.181966727048614,77.10922184456179,1303.9918212890625,1.8575999736785889,0,601.2619018554688,6.177053451538086,0,0
10.46749958556073,76.67191408086414,992.8025512695312,0.0044999998062849045,0,816.4905395507812,24.064929962158203,0,0
10.846910201267757,76.10243222471532,6.5,8.83080005645752,0,84.60928344726562,0.0,1,1
9.675246512727151,76.55453244343438,37.263301849365234,0.003599999938160181,0,1107.2183837890625,14.338838577270508,0,0
10.027144287792375,76.53911103747932,14.59131908416748,0.008999999612569809,0,275.7925109863281,7.283920764923096,0,0
12.446235198206448,75.0970365978601,112.18708801269531,0.0017999999690800905,0,444.70208740234375,10.552970886230469,0,0
10.980799844694626,76.60745498081745,860.0149536132812,0.055799998342990875,0,1256.3837890625,11.812904357910156,0,0
9.460783308752305,76.42517084633343,-2.2264370918273926,0.065700002014637,0,658.1057739257812,0.0,1,1
9.617595471077195,76.4265496990109,0.0,0.0008999999845400453,0,605.7102661132812,0.0,1,1
10.24825323389995,76.76547323116078,160.0,0.05939999967813492,0,29.913898468017578,0.0,1,1
10.76878375894956,76.38194923494189,27.764244079589844,0.0008999999845400453,0,42.30464172363281,2.1452481746673584,1,1
8.420724497214493,76.99399891876443,0.5,0.08910000324249268,0,29.913898468017578,0.0,1,1
9.693578282038734,76.46106231796098,0.9475688338279724,0.0008999999845400453,0,42.30464172363281,0.46002665162086487,1,1
9.750258348141077,76.46416795157899,0.34662505984306335,0.0008999999845400453,0,507.65570068359375,0.7269296050071716,1,1
11.694730779083757,76.28055570043462,875.5575561523438,0.0027000000700354576,0,126.91392517089844,6.220276355743408,0,0
10.252891370294636,76.72732229968436,160.0,0.017999999225139618,0,538.4501953125,0.0,1,1
10.80424005852154,76.84369227652877,173.89842224121094,0.0017999999690800905,0,1142.225341796875,6.237907409667969,0,0
11.76520614522112,76.2770362699311,970.469970703125,0.0044999998062849045,0,930.7020874023438,19.76314926147461,0,0
9.518825064586549,76.32165535147772,7.551219463348389,0.0008999999845400453,0,2243.741943359375,2.4938509464263916,0,0
11.354133933108574,76.12233473026349,692.3871459960938,0.0008999999845400453,0,1166.64208984375,7.346991539001465,0,0
12.475950426394435,75.05815667955169,85.95205688476562,0.0008999999845400453,0,1443.946044921875,0.7427693009376526,0,0
8.333548138295503,77.06879086774765,44.163787841796875,0.0008999999845400453,0,1376.039306640625,5.025217056274414,0,0
11.597615158903594,76.28265183501401,862.0103149414062,0.008999999612569809,0,107.85609436035156,1.2777819633483887,0,0
9.527524046287741,76.46640215591911,-0.46296995878219604,0.0008999999845400453,0,126.91392517089844,1.5922211408615112,1,1
12.664284802926076,75.12111536734773,75.88551330566406,0.0008999999845400453,0,181.95913696289062,9.36855411529541,0,0
9.75450873612481,76.80317857406341,174.80386352539062,0.013500000350177288,0,107.85609436035156,35.01102066040039,0,0
11.136254056469818,76.01455232993082,40.32505416870117,0.014399999752640724,0,939.3154907226562,1.8315995931625366,0,0
9.715224687760427,76.44787887893582,1.5872561931610107,0.0008999999845400453,0,478.62237548828125,0.9355471730232239,1,1
12.059223458450647,75.19120380795697,20.1922607421875,0.0008999999845400453,0,777.7613525390625,2.1795034408569336,0,0
9.496095111610579,76.4549496111465,-0.42974188923835754,0.0017999999690800905,0,1378.962646484375,0.7253141403198242,1,1
12.369250467515222,75.13621581649494,77.66084289550781,0.0017999999690800905,0,360.2110290527344,3.990543842315674,0,0
10.096029174749717,77.03503882613866,1528.0377197265625,0.07739999890327454,0,1121.2725830078125,2.545119524002075,0,0
11.552685303077435,75.59689203505025,1.0,0.5210999846458435,0,1461.1951904296875,0.0,1,1
9.558076785660429,76.451443830493,0.0,0.0017999999690800905,0,507.65570068359375,0.0,1,1
9.991672720853078,76.34991955050786,0.0,1.5722999572753906,0,717.93359375,1.84531831741333,1,1
11.05070028326969,75.912164060544,3.83687686920166,0.0027000000700354576,0,149.56948852539062,2.160285472869873,1,1
11.869152042716117,75.66081733393278,150.7290496826172,0.0008999999845400453,0,1248.1661376953125,7.645751953125,0,0
10.29327656555817,76.48988585087376,46.5,0.0008999999845400453,0,59.827796936035156,0.0,1,1
9.547916860067236,76.41338762870208,-0.5,0.03150000050663948,0,934.5401000976562,0.0,1,1
10.661707082914093,76.3157825789685,349.4273681640625,0.0017999999690800905,0,1024.0869140625,36.13528060913086,0,0
10.523661870932838,76.12199011842083,0.29561951756477356,0.007199999876320362,0,1635.4451904296875,0.3000251054763794,1,1
9.765200563448706,76.45058712240281,0.34579581022262573,0.0017999999690800905,0,777.7613525390625,0.2790731191635132,1,1
10.141152804106955,76.626198203498,105.03372955322266,0.0017999999690800905,0,1113.2633056640625,9.681103706359863,0,0
9.48297943639357,76.40769224221992,0.0,0.0017999999690800905,0,973.9259643554688,0.0,1,1
9.342231635617509,77.2499957940761,1585.5230712890625,0.006300000008195639,0,4561.943359375,32.34255599975586,0,0
9.313599999123458,76.59956844295954,2.8701367378234863,0.0017999999690800905,0,119.65559387207031,4.361817359924316,1,1
9.630664102413725,76.45597397777581,-0.3850475251674652,0.0008999999845400453,0,867.5030517578125,0.546782910823822,1,1
10.108791387533708,76.19519122835791,0.0,0.13950000703334808,0,3391.370849609375,0.0,1,1
10.817800764161909,76.1023627797235,21.53668212890625,0.0008999999845400453,0,42.30464172363281,14.226983070373535,0,0
11.339361801155276,75.80742699244465,12.69305419921875,0.011699999682605267,0,556.4306640625,6.000143051147461,0,0
9.295593322530166,76.47216898823763,0.25678956508636475,0.0008999999845400453,0,126.91392517089844,0.4598943293094635,1,1
9.159528942241023,76.87740308639258,119.36446380615234,0.0008999999845400453,0,1236.6422119140625,6.517000675201416,0,0
10.544576043084046,76.10879847818372,1.219388484954834,0.014399999752640724,0,312.3102722167969,2.062252998352051,1,1
10.340668351850752,76.24155819933874,2.669487237930298,0.0008999999845400453,0,119.65559387207031,0.3891242742538452,1,1
10.76546729165578,76.37074264494315,25.792505264282227,0.01979999989271164,0,107.85609436035156,2.0550577640533447,1,1
9.785947291924787,76.28727458456353,-0.34547150135040283,0.0017999999690800905,0,126.91392517089844,3.377825975418091,1,1
10.145988307898369,76.2996296421578,4.38903284072876,0.0008999999845400453,0,380.74176025390625,1.8497319221496582,0,0
10.244218259621913,76.69889603316359,160.0,0.2736000120639801,0,29.913898468017578,0.0,1,1
9.416966167811081,76.65901435674392,35.40610885620117,0.0008999999845400453,0,84.60928344726562,4.784839630126953,0,0
11.385418380525282,75.74689364347665,0.5,0.0008999999845400453,0,89.74169921875,0.0,1,1
10.659597139145326,75.98204000552369,1.7137084007263184,0.0008999999845400453,0,317.9891052246094,0.6952849626541138,0,0
9.314481385858164,76.48387348665172,0.02943374589085579,0.0008999999845400453,0,483.2738342285156,1.2142137289047241,1,1
9.348037910106045,76.56255993539531,1.0116674900054932,0.017999999225139618,0,169.21856689453125,0.40445902943611145,1,1
11.678905637277003,75.73168246632582,34.99270248413086,0.0027000000700354576,0,804.9006958007812,7.2909159660339355,0,0
10.672923614524906,75.96348030971483,2.6541588306427,0.00989999994635582,0,556.4306640625,0.9748956561088562,1,1
9.405686706483804,76.48637698217699,0.6020157337188721,0.0017999999690800905,0,275.7925109863281,2.252573251724243,1,1
10.666540292418182,76.03253687595048,0.22806908190250397,0.005400000140070915,0,66.88951110839844,0.17517465353012085,1,1
8.910174822923741,77.14358231221647,114.5,0.7883999943733215,0,296.1324768066406,0.0,1,1
9.467438543580087,76.41059877583037,-0.3660946786403656,0.0008999999845400453,0,777.7613525390625,0.4737558364868164,1,1
9.67247115943016,76.48055281085578,0.4608110785484314,0.0008999999845400453,0,253.82785034179688,0.721310019493103,1,1
9.342748280726633,76.45547530521208,0.24497543275356293,0.0017999999690800905,0,119.65559387207031,0.643922746181488,1,1
10.911353395092755,76.30785457202632,24.0,0.29159998893737793,0,358.966796875,1.3441606760025024,1,1
11.846808733865425,75.9692529270481,796.1322021484375,0.0008999999845400453,0,568.3640747070312,13.266251564025879,0,0
10.117416775498144,76.19699546961243,0.0,0.0008999999845400453,0,2476.899658203125,0.0,1,1
10.11712534163617,76.217370933163,-0.5,0.003599999938160181,0,1317.570556640625,0.0,1,1
10.789705331249541,75.92827437969667,0.0,0.0017999999690800905,0,1940.94873046875,0.0,1,1
10.235413786435648,76.73611819449673,160.0,0.0333000011742115,0,1376.039306640625,0.0,1,1
9.312461070940023,76.70416308480273,14.977421760559082,0.008100000210106373,0,317.9891052246094,4.273043155670166,0,0
8.550055559831296,77.19471387348862,81.0,0.003599999938160181,0,406.8730163574219,0.0,1,1
9.757076834037742,76.29681817181441,0.3822828531265259,0.0008999999845400453,0,119.65559387207031,0.16455969214439392,1,1
12.40279359307857,75.2604736597654,403.60858154296875,0.0008999999845400453,0,934.5401000976562,6.185777187347412,0,0
9.77012287829395,76.45201021317199,0.24437515437602997,0.0044999998062849045,0,299.13897705078125,0.09531448781490326,1,1
9.509276914984579,76.40373238243735,0.0,0.0044999998062849045,0,269.22509765625,0.0,1,1
9.249210993414719,76.51660782226006,0.6550582647323608,0.0008999999845400453,0,255.58445739746094,0.06993447244167328,1,1
10.18037603301571,76.26375656596707,0.7352995872497559,0.0027000000700354576,0,846.0928344726562,0.2968468964099884,1,1
10.643519144026573,76.28175555563534,32.89193344116211,0.003599999938160181,0,448.70849609375,0.25442415475845337,1,1
9.686330303356574,77.08070722225504,1278.486572265625,0.0017999999690800905,0,2018.4678955078125,27.442203521728516,0,0
8.551203892083704,77.16015596883294,81.0,0.0027000000700354576,0,1603.3961181640625,0.0,1,1
9.53269510718736,76.46831117380793,-1.9145504236221313,0.0044999998062849045,0,29.913898468017578,1.366560935974121,1,1
11.284876067548764,76.06892740563104,25.212909698486328,0.0008999999845400453,0,66.88951110839844,1.856164813041687,0,0
9.161745187699077,76.56723817717587,8.75331974029541,0.003599999938160181,0,334.44757080078125,10.244646072387695,0,0
9.01866714808775,76.63884726119092,9.876700401306152,0.0008999999845400453,0,358.966796875,13.087855339050293,1,1
9.441324041748443,76.36569274815555,-0.5450116991996765,0.0008999999845400453,0,209.3972930908203,0.1957874447107315,1,1
10.34599809144262,76.47408751790623,174.67691040039062,0.0027000000700354576,0,717.93359375,17.059619903564453,0,0
10.843360215989039,75.96385016111005,2.8359951972961426,0.0008999999845400453,0,59.827796936035156,0.08487717062234879,1,1
10.171916636955967,76.30324113219818,1.2240163087844849,0.0008999999845400453,0,329.0528869628906,0.14889055490493774,1,1
10.474843562755705,76.16939459547143,0.9221166968345642,0.0008999999845400453,0,211.52320861816406,1.1383609771728516,1,1
11.741638292356415,75.90371747934323,760.2025146484375,0.003599999938160181,0,209.3972930908203,20.066783905029297,0,0
9.406313710668542,76.42125116714111,-0.6622135043144226,0.0044999998062849045,0,658.1057739257812,0.5258466601371765,1,1
10.848897836124252,76.7580737772277,474.68426513671875,0.008100000210106373,0,807.67529296875,30.335927963256836,0,0
9.346492024862439,76.51812905590766,0.3935486674308777,0.0017999999690800905,0,628.19189453125,0.23495489358901978,1,1
10.249672900378512,76.83184842604602,160.0,0.024299999698996544,0,283.7881774902344,0.0,1,1
10.790899140703717,76.55770908264554,54.5,2.510999917984009,0,107.85609436035156,0.0,1,1
10.472817159273882,76.604689212583,1001.377685546875,0.0008999999845400453,0,423.0464172363281,25.93906593322754,0,0
9.437944967016058,76.49776961748677,-0.11281393468379974,0.0027000000700354576,0,179.4833984375,1.21731436252594,1,1
9.8742372612373,76.89921325533903,506.0254211425781,0.0044999998062849045,0,713.5578002929688,42.72343444824219,0,0
10.113765957252204,76.20557733854773,1.0,0.34470000863075256,0,2452.939697265625,0.0,1,1
9.330849310060744,76.3886379694651,0.5715804100036621,0.0008999999845400453,0,568.3640747070312,0.6015080213546753,1,1
9.475289625567672,76.50022599146543,0.5157997012138367,0.0008999999845400453,0,658.1057739257812,0.20685507357120514,1,1
10.43363967609838,76.08176724659073,13.16678237915039,0.0008999999845400453,0,1417.36328125,4.343320846557617,0,0
10.14344268172594,77.0249225217674,1864.652099609375,0.0017999999690800905,0,1346.12548828125,23.119518280029297,0,0
9.493091477838984,76.38121601157982,-0.7153592109680176,0.0017999999690800905,0,448.70849609375,3.229170560836792,1,1
10.772092365337564,75.92745717771572,10.369159698486328,0.0017999999690800905,0,2355.61279296875,4.36846399307251,0,0
11.739627816541288,76.15990665791169,780.4724731445312,0.0027000000700354576,0,930.7020874023438,9.059861183166504,0,0
10.6029377521506,76.48541407959904,57.694305419921875,0.0017999999690800905,0,275.7925109863281,8.48593521118164,0,0
12.522957974797567,75.10393122696101,53.96158218383789,0.0008999999845400453,0,191.5424041748047,8.888413429260254,0,0
9.223463751016434,77.0252755617891,250.60231018066406,0.0017999999690800905,0,388.88067626953125,35.24637985229492,0,0
10.207514382063344,76.3120457849005,2.0787041187286377,0.0027000000700354576,0,179.4833984375,0.8985043168067932,1,1
10.844478071304888,76.68223955569201,112.5,0.008100000210106373,0,317.9891052246094,0.0,1,1
10.082493990501133,76.32171510495532,0.5,0.008100000210106373,0,575.4053344726562,4.827121734619141,1,1
12.437613939961137,75.31839258059196,241.66845703125,0.0017999999690800905,0,169.21856689453125,29.48202896118164,0,0
11.543492985155478,76.22488261310723,874.6716918945312,0.0027000000700354576,0,1647.7100830078125,7.146178245544434,0,0
8.901633293482721,76.87487067441761,63.72563552856445,0.003599999938160181,0,191.5424041748047,10.32193374633789,0,0
9.534768103415827,76.50190599697208,0.49423980712890625,0.0008999999845400453,0,296.1324768066406,0.19550266861915588,1,1
12.365956392406996,75.18368197516887,161.0605926513672,0.008100000210106373,0,950.6785888671875,13.289214134216309,0,0
8.620360567697345,76.84521766482204,39.9092903137207,0.02879999950528145,0,1411.0357666015625,1.7251447439193726,0,0
10.807025998580864,76.63809113561248,95.5607681274414,0.0008999999845400453,0,1480.6624755859375,0.6886037588119507,0,0
8.487834861467224,77.04855794614943,69.81966400146484,0.0008999999845400453,0,782.921630859375,1.3129022121429443,0,0
10.288479650603465,76.23941340502046,15.05617618560791,0.0008999999845400453,0,425.1563720703125,2.078301191329956,0,0
11.654058530377853,76.08889684531285,752.74560546875,0.06840000301599503,0,688.0196533203125,4.294094085693359,0,0
9.196726835479781,76.65348191571519,3.5,0.006300000008195639,0,149.56948852539062,0.0,1,1
9.042836714700876,76.60117565544343,26.133098602294922,0.0044999998062849045,0,825.211669921875,2.300971746444702,0,0
11.955789682993412,75.49959303861323,82.9196548461914,0.03240000084042549,0,1226.8345947265625,2.076409101486206,0,0
12.095087782137043,75.3244875123392,72.26934814453125,0.0008999999845400453,0,631.0343627929688,1.8185290098190308,0,0
11.743084092997861,75.49988948706779,14.506285667419434,0.0008999999845400453,0,1099.920654296875,2.689248561859131,0,0
10.249277073615733,76.1950383722713,0.5,0.0008999999845400453,0,174.42649841308594,0.0,1,1
9.346565002736229,76.74891258162364,1.5,0.005400000140070915,0,29.913898468017578,8.824196815490723,1,1
9.66979857586604,76.45828608439766,-0.160053551197052,0.011699999682605267,0,930.7020874023438,0.32998520135879517,1,1
10.117254226491495,76.19592300753735,0.0,0.0008999999845400453,0,2574.16015625,0.0,1,1
10.533410556825777,76.08079854602029,0.4534967839717865,0.03060000017285347,0,179.4833984375,0.7591951489448547,1,1
9.546737861915947,76.49551925778526,-0.2805967628955841,0.0008999999845400453,0,1062.2593994140625,0.4032336175441742,1,1
9.403051204714838,76.51479131601378,0.040787238627672195,0.01080000028014183,0,29.913898468017578,1.0076017379760742,1,1
9.339797541997548,76.54394711692268,0.6425073742866516,0.065700002014637,0,1185.28515625,0.3837776482105255,1,1
9.544886303753096,76.4535580561831,0.020211944356560707,0.0008999999845400453,0,827.3775634765625,1.0063831806182861,1,1
10.504676619190347,76.18586514213901,0.5942224860191345,0.0008999999845400453,0,803.7882080078125,1.9926660060882568,1,1
9.9963196441378,76.25527090430612,1.0,0.0017999999690800905,0,1081.047119140625,2.088200807571411,1,1
10.507314116283514,76.0891274611291,0.5,0.0008999999845400453,0,568.3640747070312,0.0,1,1
9.02525526169123,76.52911800504843,0.0,0.005400000140070915,0,209.3972930908203,0.0,1,1
10.991524888278997,76.56164853384776,93.5,0.007199999876320362,0,239.31118774414062,0.0,1,1
12.232067495698793,75.42244743390091,602.9965209960938,0.0017999999690800905,0,1526.781494140625,11.747631072998047,0,0
9.747201210664386,76.43507799612163,-0.3294135332107544,0.00989999994635582,0,107.85609436035156,0.13205349445343018,1,1
9.91646079598447,76.99643781453759,593.1452026367188,0.006300000008195639,0,338.4371337890625,17.033647537231445,0,0
11.944183326484492,75.6745994288192,101.36978149414062,0.0008999999845400453,0,1144.9639892578125,2.7500877380371094,0,0
10.324350256060058,76.18551793619322,0.593076765537262,0.0008999999845400453,0,0.0,0.4505014419555664,1,1
12.62481525195884,75.06951146625057,118.03414916992188,0.003599999938160181,0,688.0196533203125,22.35493278503418,0,0
10.207116979631428,76.63739589974011,352.6614990234375,0.0008999999845400453,0,761.4835205078125,13.430902481079102,0,0
10.889983777077372,76.71572230259255,762.6982421875,0.005400000140070915,0,1081.047119140625,35.81472396850586,0,0
9.506348926727235,76.4568073609911,-0.8841696381568909,0.01080000028014183,0,383.0848083496094,3.696601390838623,1,1
10.480432857778494,76.78630919140822,641.0181884765625,0.0008999999845400453,0,782.921630859375,7.5149006843566895,0,0
8.463361360929152,77.04424475028377,39.15056228637695,0.0017999999690800905,0,1509.09619140625,16.755367279052734,0,0
10.543418988915144,76.56315684035586,185.27716064453125,0.0008999999845400453,0,1473.0887451171875,10.46733283996582,0,0
10.275309086322922,77.05376971796629,1482.7490234375,0.0008999999845400453,0,179.4833984375,22.092777252197266,0,0
9.879919328646734,77.0864411917955,593.0570068359375,0.023399999365210533,0,299.13897705078125,16.330116271972656,0,0
9.354385280999114,76.53543650368519,0.5032874941825867,0.03779999911785126,0,209.3972930908203,0.09299827367067337,1,1
9.317642776692251,76.525386307963,2.1326472759246826,0.0008999999845400453,0,808.2290649414062,3.5495007038116455,1,1
11.692254556029898,75.76888234769028,155.5169219970703,0.003599999938160181,0,855.5584106445312,17.832027435302734,0,0
10.12461809102292,76.50279866262996,24.86054039001465,0.0008999999845400453,0,200.6685333251953,5.635007381439209,0,0
10.725425438944912,76.39024631917525,66.02207946777344,0.0008999999845400453,0,444.70208740234375,8.04755687713623,0,0
9.398027288428606,76.40822877653005,1.84031343460083,0.0017999999690800905,0,478.62237548828125,7.900808811187744,1,1
9.680225322429798,76.44457654665419,-0.2782554626464844,0.0008999999845400453,0,825.211669921875,0.48275992274284363,1,1
10.777424097145051,75.98210629979111,-1.0,0.01080000028014183,0,89.74169921875,0.13272665441036224,1,1
10.52445929675168,76.16184868845089,2.1390717029571533,0.0008999999845400453,0,867.5030517578125,0.8148735165596008,1,1
11.426365207723293,75.82737019407543,43.25654602050781,0.0008999999845400453,0,952.0894165039062,1.4180731773376465,0,0
12.1023397260528,75.21955887541104,2.0,0.003599999938160181,0,380.74176025390625,7.115559101104736,0,0
9.324924540929809,76.56030179441835,0.6149190664291382,0.0008999999845400453,0,0.0,0.26564154028892517,1,1
10.758693862479085,76.24564180291372,15.5,0.024299999698996544,0,269.22509765625,0.0,1,1
9.63721850119884,76.39010479913522,0.0,0.0044999998062849045,0,1532.3392333984375,0.0,1,1
10.825263076447541,75.90212854190911,0.0,0.01889999955892563,0,1222.0843505859375,4.765831470489502,1,1
9.46344262703066,76.43881893432723,3.0377156734466553,0.0008999999845400453,0,837.5891723632812,2.4923782348632812,0,0
9.836964434022168,76.46132682943578,1.6946611404418945,0.017100000753998756,0,568.3640747070312,1.780859351158142,1,1
10.51422172949148,76.39287676120787,77.0,0.8054999709129333,0,89.74169921875,0.0,1,1
11.29208976226662,75.8027472740867,14.353113174438477,0.015300000086426735,0,888.3974609375,2.570256233215332,0,0
11.14754982924594,76.65796346676443,489.0,0.005400000140070915,0,59.827796936035156,10.533215522766113,1,1
10.494289440218095,76.08525232269703,0.5,0.0027000000700354576,0,29.913898468017578,0.0,1,1
11.675576895009595,76.16288523712797,739.4732055664062,0.005400000140070915,0,42.30464172363281,4.463581085205078,0,0
9.136098822096326,76.82151505127135,75.97662353515625,0.0008999999845400453,0,909.7957153320312,10.603177070617676,0,0
10.067212094091243,77.18942129427366,2064.85546875,0.0008999999845400453,0,1944.4034423828125,27.819564819335938,0,0
11.351428496270247,76.50272926256815,1994.4566650390625,0.0017999999690800905,0,6387.09033203125,55.12242889404297,0,0
12.36454342472627,75.09125697547205,51.618408203125,0.0017999999690800905,0,507.65570068359375,4.525414943695068,0,0
9.270391698584737,76.44884045231623,7.47809362411499,0.0017999999690800905,0,179.4833984375,6.569618225097656,0,0
9.3939676189996,76.40388469824957,-1.8657785654067993,0.0008999999845400453,0,42.30464172363281,0.6212536692619324,1,1
9.503792353414319,76.40486983271285,-1.4272409677505493,0.007199999876320362,0,149.56948852539062,0.2236173003911972,1,1
9.646076262726709,76.39895661769563,0.0,0.012600000016391277,0,1955.6461181640625,0.0,1,1
8.62931391634143,77.05568839020468,149.80157470703125,0.0008999999845400453,0,761.4835205078125,5.893818378448486,0,0
9.341229072247467,76.6840774960285,11.31842041015625,0.0017999999690800905,0,296.1324768066406,17.37443733215332,1,1
9.313583415549157,76.51309411138334,0.2544589936733246,0.0044999998062849045,0,358.966796875,0.27372506260871887,1,1
10.50073957990338,76.13081370000296,-0.03304176405072212,0.0008999999845400453,0,628.19189453125,0.6006872653961182,1,1
9.629594212361956,76.57820144499415,2.1156110763549805,0.023399999365210533,0,1062.2593994140625,5.2330145835876465,1,1
10.146390573499016,77.01694957453292,1888.8399658203125,0.0008999999845400453,0,1608.1329345703125,25.892324447631836,0,0
9.318215585127959,76.49197005728075,8.348650932312012,0.0008999999845400453,0,867.5030517578125,6.176711559295654,0,0
12.283142417885928,75.35742730198497,97.15921783447266,0.0008999999845400453,0,598.2779541015625,16.63786506652832,0,0
11.703409169515323,75.72078068385616,55.11366271972656,0.0737999975681305,0,777.7613525390625,3.5036449432373047,0,0
11.265276476977771,75.94364017773437,3.0126476287841797,0.0044999998062849045,0,66.88951110839844,4.815323829650879,1,1
9.546151346078066,76.38021395958172,0.0,0.06480000168085098,0,2757.4384765625,0.0,1,1
9.352833018786184,76.4024032099146,-0.20069198310375214,0.0008999999845400453,0,508.5362854003906,0.2046365588903427,1,1
9.541836656203076,76.44515610051657,-4.121488094329834,0.0044999998062849045,0,29.913898468017578,1.830119013786316,1,1
9.672393654414932,76.45952828687437,0.4005213975906372,0.0008999999845400453,0,1037.111083984375,0.15173158049583435,1,1
11.585367723440793,75.8651131784071,113.68888092041016,0.06750000268220901,0,0.0,6.005170822143555,0,0
11.443705703049702,76.25002088039895,64.86983489990234,0.0017999999690800905,0,149.56948852539062,6.456796169281006,0,0
11.106703831604221,75.99121837326928,118.27642059326172,0.0017999999690800905,0,631.0343627929688,20.544708251953125,0,0
10.928097202792967,76.359542392519,34.5,0.014399999752640724,0,89.74169921875,0.9668146967887878,1,1
9.396095487405418,76.37603548702928,-0.016021423041820526,0.0017999999690800905,0,955.841552734375,5.2377028465271,1,1
11.146431378278127,76.65071108017325,534.220703125,0.0017999999690800905,0,317.9891052246094,22.86879539489746,0,0
10.850694893430465,76.75385705196452,386.6947021484375,0.003599999938160181,0,598.2779541015625,30.369646072387695,0,0
10.168265365881606,76.51403681050057,61.3922233581543,0.0017999999690800905,0,1078.9757080078125,20.701698303222656,0,0
9.942175242549995,76.83680125400917,104.9763412475586,0.0017999999690800905,0,516.3939819335938,17.07656478881836,0,0
11.53786388754515,75.62641931312588,1.5,0.016200000420212746,0,191.5424041748047,0.0,1,1
11.023475534569679,76.31546496079345,69.27568817138672,0.0008999999845400453,0,416.65240478515625,9.137524604797363,0,0
10.800385860209467,76.84340829709691,171.62034606933594,0.0017999999690800905,0,808.2290649414062,2.6155431270599365,0,0
9.698700434170076,76.46632192952968,-0.10181480646133423,0.0017999999690800905,0,465.3510437011719,1.1889148950576782,1,1
12.448784635775478,75.32428354098728,263.751953125,0.0008999999845400453,0,1217.68310546875,10.72519588470459,0,0
10.781857739778541,75.99115920216218,-1.0,0.0008999999845400453,0,1108.4300537109375,0.5904930830001831,1,1
10.476499054980096,76.42863558858663,713.7200927734375,0.0008999999845400453,0,1789.09130859375,6.943151473999023,0,0
8.914989531870924,77.13501175159546,114.5,0.0414000004529953,0,338.4371337890625,0.0,1,1
10.073264021996446,76.24152580824176,0.0,0.0017999999690800905,0,2817.15234375,0.0,1,1
11.68625616987052,76.18464339817281,776.393310546875,0.014399999752640724,0,538.4501953125,3.7606425285339355,0,0
8.92161597521755,77.13616344828773,114.5,0.0008999999845400453,0,945.9605712890625,3.3498926162719727,1,1
11.229425079802283,76.11786118656288,32.201438903808594,0.0008999999845400453,0,107.85609436035156,10.537297248840332,0,0
10.850095872852886,76.70246251851634,112.5,0.0017999999690800905,0,191.5424041748047,0.0,1,1
9.708483710671604,76.81400309347492,62.17012023925781,0.0027000000700354576,0,211.52320861816406,10.83701229095459,0,0
9.312664945760853,77.25788685224073,1528.083251953125,0.0008999999845400453,0,6744.43994140625,30.707141876220703,0,0
10.44432698865552,76.65624893304769,1022.0146484375,0.008999999612569809,0,472.98028564453125,4.9149861335754395,0,0
9.012214857046533,76.67087927501225,1.2634797096252441,0.0008999999845400453,0,634.5696411132812,1.2845889329910278,1,1
10.852457638031732,76.70626014356853,112.5,0.0008999999845400453,0,29.913898468017578,0.0,1,1
9.461355042622145,76.53900150803814,1.1370469331741333,0.0008999999845400453,0,233.63502502441406,0.3195594847202301,1,1
9.45526840777321,76.45270428173352,0.7935531139373779,0.0027000000700354576,0,723.5206909179688,2.2269041538238525,1,1
10.106543843280313,76.55972458919398,37.58963394165039,0.0008999999845400453,0,1332.7640380859375,7.814364433288574,0,0
9.549937643400753,76.35783682590913,0.0,0.0008999999845400453,0,1150.8106689453125,0.0,1,1
9.031733306438948,76.63752472438779,0.0,0.003599999938160181,0,59.827796936035156,5.07490348815918,1,1
11.304554302002428,76.18848999294546,52.39863204956055,0.01979999989271164,0,628.19189453125,1.6382678747177124,0,0
10.079321229080634,76.26126387632813,7.583423137664795,0.0008999999845400453,0,2255.27783203125,3.1350576877593994,0,0
11.092280450185106,76.15659958843686,18.0,0.006300000008195639,0,149.56948852539062,6.643272876739502,1,1
9.968752218117825,76.52805913245192,7.176736354827881,0.023399999365210533,0,448.70849609375,4.275230407714844,1,1
9.84706026328068,77.10087048962998,674.9872436523438,0.0027000000700354576,0,317.9891052246094,26.6501407623291,0,0
11.953181843738225,76.0603480059356,884.8756103515625,0.011699999682605267,0,888.3974609375,2.666811466217041,0,0
10.251596077422668,76.71251609525788,160.0,0.0027000000700354576,0,782.921630859375,0.0,1,1
8.76601899911805,77.00717357162166,114.7094497680664,0.00989999994635582,0,1612.578369140625,6.830221176147461,0,0
9.426760124725256,76.50656095161,-0.5722274780273438,0.0027000000700354576,0,867.5030517578125,0.7388341426849365,1,1
11.724840923302214,75.5648211265803,13.121442794799805,0.0017999999690800905,0,448.70849609375,5.555197238922119,0,0
9.409048849598191,76.4750584331513,1.4695320129394531,0.0008999999845400453,0,628.19189453125,5.654015064239502,1,1
11.063936122946364,76.66618931621726,808.5816650390625,0.0008999999845400453,0,1108.4300537109375,25.160367965698242,0,0
9.445647486015117,76.48735197609953,1.6705619096755981,0.0017999999690800905,0,656.0630493164062,2.025564432144165,1,1
10.657901226919986,76.35014066918303,130.4702606201172,0.0008999999845400453,0,616.6907958984375,14.324811935424805,0,0
11.039148056031234,76.01918356352606,8.012743949890137,0.0008999999845400453,0,59.827796936035156,0.3472628891468048,1,1
9.41790370143373,76.39369014788656,-0.6157365441322327,0.007199999876320362,0,983.9808349609375,0.5351641774177551,1,1
9.275186372454968,76.42808179368342,1.0,0.0027000000700354576,0,233.63502502441406,1.7423367500305176,1,1
8.579757232165942,76.94691025637835,88.464111328125,0.0027000000700354576,0,1320.623291015625,15.856266021728516,0,0
10.491695605626733,76.18908574080167,0.17641037702560425,0.0008999999845400453,0,465.3510437011719,0.6900933384895325,1,1
9.576040662953245,76.3869254181929,0.0,0.04050000011920929,0,2547.07666015625,0.0,1,1
9.436020765645981,76.38962462092543,1.47162926197052,0.0017999999690800905,0,388.88067626953125,0.9895415306091309,1,1
10.836363957287535,76.03404813840604,4.0,28.691099166870117,0,89.74169921875,0.0,1,1
10.564392647967802,76.18629724056741,1.4825060367584229,0.0027000000700354576,0,568.3640747070312,1.4460229873657227,1,1
10.754685950471046,76.26490950533598,19.762365341186523,0.0017999999690800905,0,149.56948852539062,0.34783080220222473,1,1
10.491800458059668,76.23086931988658,13.693100929260254,0.0017999999690800905,0,191.5424041748047,3.940676689147949,0,0
11.256675951944564,76.10353168690048,352.867919921875,0.0027000000700354576,0,1726.216064453125,36.60784149169922,0,0
8.766732884713752,77.15774376762327,655.7459716796875,0.2754000127315521,0,1332.7640380859375,29.57622718811035,0,0
8.745155712703346,76.80341976337658,46.04401397705078,0.0008999999845400453,0,329.0528869628906,2.1671905517578125,0,0
10.00148440784841,76.27469230289053,0.0,0.017100000753998756,0,181.95913696289062,0.0,1,1
8.95306423095594,77.07308682688925,114.5,0.0017999999690800905,0,29.913898468017578,0.0,1,1
9.484840337793331,76.4778685235445,1.658558964729309,0.0008999999845400453,0,89.74169921875,1.1457241773605347,1,1
9.565539474023227,77.0598395186499,879.6664428710938,0.008100000210106373,0,119.65559387207031,21.91318130493164,0,0
9.889707165438146,76.47344878106544,2.9974682331085205,0.0008999999845400453,0,275.7925109863281,0.21443326771259308,1,1
8.63375982622495,76.89728291946464,83.94453430175781,0.0017999999690800905,0,1944.4034423828125,9.861028671264648,0,0
10.929001619173597,76.20150919623654,96.25516510009766,0.0008999999845400453,0,976.678466796875,16.55902862548828,0,0
10.149025501424598,76.21262437747025,1.5,0.008999999612569809,0,915.6781005859375,0.0,1,1
9.298997555465169,76.58972189355154,3.0011191368103027,0.046799998730421066,0,888.3974609375,0.10695517063140869,1,1
9.443099622139739,76.43205380627224,-0.30638641119003296,0.0008999999845400453,0,1046.9864501953125,0.20791158080101013,1,1
9.015172072906061,76.60279463491246,0.5,0.0027000000700354576,0,647.1365966796875,0.0,1,1
10.47776538544841,76.22290775238916,2.420504331588745,0.0017999999690800905,0,267.55804443359375,11.206459999084473,1,1
9.086897060789823,77.09408105086189,160.5291748046875,0.0017999999690800905,0,149.56948852539062,17.302648544311523,0,0
9.42049684172853,76.88707565401083,211.12326049804688,0.0027000000700354576,0,1269.1392822265625,13.938861846923828,0,0
10.87997176182634,76.42266542313625,77.5594711303711,0.02070000022649765,0,390.0295104980469,5.290415287017822,0,0
11.20577746829194,75.86199135100179,2.0,0.0027000000700354576,0,59.827796936035156,0.0,1,1
11.507686684402083,75.64790350017678,0.0,0.0008999999845400453,0,0.0,0.0,1,1
11.290762469915613,75.910561204453,20.193510055541992,0.0008999999845400453,0,444.70208740234375,6.318362236022949,0,0
11.050869638769809,75.91420481028896,4.701960563659668,0.0017999999690800905,0,149.56948852539062,5.897335052490234,1,1
10.533442647043257,76.13791133643149,-3.1540451049804688,0.0027000000700354576,0,239.31118774414062,3.880307912826538,1,1
11.479753662050365,76.00340019671405,39.01548385620117,0.0044999998062849045,0,119.65559387207031,4.557593822479248,0,0
10.242954600398644,76.80611739668717,160.0,0.007199999876320362,0,538.4501953125,0.0,1,1
9.540814314569886,76.35485136053414,0.0,0.017999999225139618,0,119.65559387207031,0.0,1,1
9.871460625111721,77.06814518354237,912.9556274414062,0.0017999999690800905,0,999.7688598632812,9.604838371276855,0,0
10.448068211494554,76.1422627806877,0.40099143981933594,0.0008999999845400453,0,84.60928344726562,0.4919930100440979,1,1
10.252614489081456,76.76965561312153,160.0,0.003599999938160181,0,508.5362854003906,0.0,1,1
11.569395783142838,75.75417195392623,27.441211700439453,0.0008999999845400453,0,508.5362854003906,6.892775535583496,0,0
9.711173640886905,76.43767438503676,-0.49482959508895874,0.0008999999845400453,0,84.60928344726562,0.9363196492195129,1,1
9.537068042939064,76.47523380705448,-2.624997138977051,0.017100000753998756,0,179.4833984375,0.7592539191246033,1,1
9.514170694212506,76.50108079886385,0.71907639503479,0.0008999999845400453,0,1099.920654296875,0.2651180326938629,1,1
9.402276121028114,76.73766813124703,61.90001678466797,0.0008999999845400453,0,1155.8538818359375,29.02596664428711,0,0
10.10290784076589,76.1928759057097,0.0,0.0027000000700354576,0,4082.45263671875,0.0,1,1
9.505476967829484,76.45552643181173,-0.2288697063922882,0.0008999999845400453,0,361.4510192871094,0.9732829928398132,1,1
10.893222794771713,76.20945171957572,57.87675094604492,0.0008999999845400453,0,952.0894165039062,11.680130004882812,0,0
11.543542339946116,75.6824174317512,46.8641471862793,0.003599999938160181,0,478.62237548828125,23.3883056640625,0,0
8.709750726442067,76.99924371972892,118.55150604248047,0.0008999999845400453,0,1473.392333984375,10.96583080291748,0,0
11.590743419137906,75.72328997918078,1.691328525543213,0.0008999999845400453,0,94.59605407714844,0.29129624366760254,1,1
11.473065985340018,75.82919168519234,169.34364318847656,0.0017999999690800905,0,1376.039306640625,20.845922470092773,0,0
9.673278712823148,76.79713250716723,57.7084846496582,0.0008999999845400453,0,296.1324768066406,4.7459821701049805,0,0
9.408193865491738,76.4349655423874,-0.5272766947746277,0.0017999999690800905,0,846.0928344726562,1.132175087928772,1,1
9.348756758393877,76.63435065724981,3.6663577556610107,0.0008999999845400453,0,538.4501953125,2.3344457149505615,1,1
9.422887385509176,76.3959479559978,-0.24643272161483765,0.0044999998062849045,0,688.0196533203125,0.2557935118675232,1,1
10.247619816260872,77.10127991939133,2078.30517578125,0.006300000008195639,0,1850.072509765625,21.018272399902344,0,0
9.634809584599576,76.64237064591099,32.541053771972656,0.01080000028014183,0,253.82785034179688,10.23215103149414,0,0
11.546061085358533,76.1263582714291,886.7363891601562,0.0008999999845400453,0,816.4905395507812,5.372212886810303,0,0
9.316562630690209,76.8839606260428,98.92813873291016,0.0008999999845400453,0,209.3972930908203,5.303003311157227,0,0
10.52473027820546,76.39924041618652,77.0,0.0017999999690800905,0,253.82785034179688,0.0,1,1
10.317559205914037,76.20380294346451,1.501179814338684,0.0008999999845400453,0,94.59605407714844,0.39418381452560425,1,1
9.393782900887235,77.15988266297472,1020.7837524414062,0.0008999999845400453,0,29.913898468017578,5.956267833709717,0,0
9.660403989056071,76.99493474946335,849.7308959960938,0.0017999999690800905,0,0.0,24.876605987548828,0,0
10.870783268333192,76.1552380835348,43.072303771972656,0.003599999938160181,0,688.0196533203125,7.45471715927124,0,0
10.505172537443173,76.11843701980312,0.5,0.0008999999845400453,0,549.9603271484375,0.0,1,1
10.026826553528151,76.23596991071442,0.3829450309276581,0.0008999999845400453,0,2341.1328125,0.6843256950378418,1,1
10.744495748044042,75.99072339823424,-1.5,0.09269999712705612,0,358.966796875,1.7518773078918457,1,1
8.788796789223293,76.68742870909166,1.0,0.005400000140070915,0,239.31118774414062,5.596476078033447,1,1
11.677384389062311,76.35157837792262,862.5494384765625,0.0008999999845400453,0,29.913898468017578,3.1802308559417725,0,0
9.187685154661615,77.0626142990294,477.72991943359375,0.014399999752640724,0,613.7818603515625,20.187740325927734,0,0
8.838686180164581,76.66940840949212,0.0,0.06390000134706497,0,126.91392517089844,0.0,1,1
9.411903791448061,76.42205993150912,2.8417954444885254,0.0017999999690800905,0,568.3640747070312,4.2452521324157715,1,1
9.524399237072526,76.61373044005481,49.99825668334961,0.0017999999690800905,0,299.13897705078125,10.424407958984375,0,0
9.493684134141319,76.43656402094862,0.3022533655166626,0.0008999999845400453,0,84.60928344726562,0.5014947056770325,1,1
10.506282895387159,76.54294233961242,75.0,0.0027000000700354576,0,66.88951110839844,10.14201545715332,1,1
11.758310599621518,75.66579980475048,24.63128089904785,0.0008999999845400453,0,239.31118774414062,3.4946608543395996,0,0
8.54433861722809,77.09497716049295,75.18128204345703,0.03060000017285347,0,1797.3250732421875,3.2676193714141846,0,0
10.162161404244724,76.95458082917052,1250.2392578125,0.011699999682605267,0,1161.645751953125,29.5444393157959,0,0
11.83763925505955,75.63955659017294,86.04539489746094,0.005400000140070915,0,897.4169921875,6.45444917678833,0,0
10.970902114782005,76.09716868550395,43.62004470825195,0.005400000140070915,0,239.31118774414062,5.4348955154418945,0,0
12.041848843407905,75.72586252253993,40.898895263671875,0.0008999999845400453,0,329.0528869628906,3.702160358428955,0,0
11.555266386736566,75.90194479495901,212.47100830078125,0.0008999999845400453,0,358.966796875,25.622650146484375,0,0
10.33995716869072,76.25756145989416,1.5,0.0008999999845400453,0,299.13897705078125,0.0,1,1
9.483891226823228,77.20221016923581,1149.6492919921875,0.0017999999690800905,0,478.62237548828125,30.17563819885254,0,0
9.749270389125007,76.29821687021669,-0.4002149999141693,0.01080000028014183,0,66.88951110839844,0.2490662783384323,1,1
10.033917541286234,76.88253648713714,587.1432495117188,0.007199999876320362,0,628.19189453125,25.64080238342285,0,0
9.43214092662543,76.45906937379468,0.305716335773468,0.0008999999845400453,0,1470.6568603515625,2.888937473297119,1,1
9.564475146352379,76.39300973989586,0.0,0.03959999978542328,0,2906.578369140625,0.0,1,1
10.886668289175162,76.49542225155909,77.8968276977539,0.0008999999845400453,0,215.71218872070312,4.509938716888428,0,0
9.756505340119103,76.44508121045286,0.38933807611465454,0.0008999999845400453,0,149.56948852539062,0.24857600033283234,1,1
8.87349968656467,77.13655159836132,843.15380859375,0.027899999171495438,0,2586.125244140625,24.163612365722656,0,0
10.013645209658186,76.50164200000901,24.849870681762695,0.0008999999845400453,0,233.63502502441406,2.2467315196990967,0,0
10.848438935944332,76.47674951669424,87.83946990966797,0.006300000008195639,0,867.5030517578125,9.724238395690918,0,0
9.259815032004981,76.8824555893121,100.82588195800781,0.014399999752640724,0,1298.7593994140625,5.317257404327393,0,0
10.700901113554506,76.02893854561118,0.35913506150245667,0.0008999999845400453,0,119.65559387207031,0.6682718396186829,1,1
9.557426412617247,76.4322006688143,0.5,0.02070000022649765,0,598.2779541015625,0.0,1,1
9.800656945254955,77.17609695554629,1046.0855712890625,0.0008999999845400453,0,952.0894165039062,17.821250915527344,0,0
11.159966207996188,75.89603189886206,41.5977783203125,0.0008999999845400453,0,1451.055419921875,8.357398986816406,0,0
10.4653734673214,76.16524495585246,1.3773488998413086,0.0008999999845400453,0,545.87744140625,0.847433865070343,1,1
9.247810516361865,76.5963450121489,2.2674341201782227,0.0008999999845400453,0,448.70849609375,0.4008668065071106,1,1
10.590003948802995,76.54064679127495,57.305171966552734,0.013500000350177288,0,380.74176025390625,1.6173399686813354,0,0
11.27972562342187,75.83774676483272,47.38329315185547,0.0008999999845400453,0,1316.5513916015625,0.44982635974884033,1,1
10.212795813313896,76.77491029634132,363.27020263671875,0.005400000140070915,0,360.2110290527344,34.24103546142578,0,0
9.285347309491709,76.5766216816699,1.7280969619750977,0.0008999999845400453,0,360.2110290527344,0.2584421634674072,1,1
9.793008918312676,76.34224071539454,0.5,0.0044999998062849045,0,777.7613525390625,1.1111286878585815,1,1
9.51396695451792,76.3862056220651,-1.2826541662216187,0.0008999999845400453,0,317.9891052246094,0.24396716058254242,1,1
10.784294087905948,76.56803084298546,60.501853942871094,0.0008999999845400453,0,191.5424041748047,0.36746978759765625,0,0
9.816442896202815,76.28182967647385,-1.0,0.0044999998062849045,0,388.88067626953125,0.0,1,1
10.779685279517235,75.9156258261232,0.0,0.0027000000700354576,0,3717.03515625,0.0,1,1
10.537519538760568,76.30672188947683,38.13706970214844,0.0008999999845400453,0,149.56948852539062,0.43842726945877075,0,0
9.114093528105615,76.78447156760124,62.68623733520508,0.008999999612569809,0,735.7846069335938,3.0414035320281982,0,0
9.63589764145112,76.90579276900519,351.76483154296875,0.006300000008195639,0,323.56829833984375,24.90921401977539,0,0
11.106010275533377,76.51812525890561,913.92626953125,0.02160000056028366,0,961.4421997070312,25.85064697265625,0,0
10.997973612822133,76.13196843078909,23.528600692749023,0.0008999999845400453,0,84.60928344726562,7.678731441497803,1,1
9.958750971702496,77.00327087874926,647.27978515625,0.0008999999845400453,0,296.1324768066406,25.466880798339844,0,0
12.264859747418338,75.19354011166264,85.38624572753906,0.0017999999690800905,0,1248.1661376953125,2.4374074935913086,0,0
10.606707274084524,76.37828039090932,298.0025939941406,0.0008999999845400453,0,1794.833984375,11.645654678344727,0,0
9.648598436118197,76.93786149356447,1120.563232421875,0.0027000000700354576,0,719.1788940429688,29.554241180419922,0,0
11.750641378357896,75.831538934969,763.5178833007812,0.0017999999690800905,0,1396.05322265625,25.487560272216797,0,0
10.614496019548596,76.77969061092298,147.95989990234375,0.0008999999845400453,0,478.62237548828125,1.5750253200531006,0,0
11.33648794395596,76.29895160252033,37.051780700683594,0.0027000000700354576,0,119.65559387207031,21.939083099365234,0,0
9.3932683353251,76.55714946908667,0.5733165740966797,0.0008999999845400453,0,89.74169921875,0.1327865868806839,1,1
11.867826219953148,75.4042248992668,12.214329719543457,0.0008999999845400453,0,358.966796875,2.7000207901000977,0,0
9.756473756288305,76.45228879441869,-0.18316246569156647,0.007199999876320362,0,957.2447509765625,0.39819782972335815,1,1
9.28448316098163,77.24031392885034,1531.2049560546875,0.0027000000700354576,0,8406.2841796875,10.916609764099121,0,0
9.457466533352921,77.05926919763321,863.9465942382812,0.025200000032782555,0,1950.1475830078125,10.568727493286133,0,0
10.873470872239412,76.6703683364964,155.7746124267578,0.0008999999845400453,0,1142.225341796875,8.958114624023438,0,0
9.477524511892865,76.53061192341578,0.4685017466545105,0.0017999999690800905,0,402.4503479003906,1.1767957210540771,1,1
9.510702275506754,76.46697871058194,-1.6113382577896118,0.0017999999690800905,0,126.91392517089844,1.0228197574615479,1,1
9.486884052884525,77.13151317119711,1039.282470703125,0.005400000140070915,0,1346.12548828125,16.617246627807617,0,0
8.540813776845187,77.16698773244192,81.0,0.0008999999845400453,0,233.63502502441406,0.0,1,1
9.382212996574435,76.46037000399225,-0.2614915072917938,0.017999999225139618,0,84.60928344726562,1.1547375917434692,1,1
9.221898119104095,76.61866893678359,3.2632761001586914,0.0017999999690800905,0,415.5771789550781,1.6387455463409424,1,1
9.296702633265335,76.46014610694338,1.710349440574646,0.0027000000700354576,0,1012.2219848632812,4.386145114898682,0,0
12.10613559995371,75.50978813919657,323.4313659667969,0.0044999998062849045,0,1103.1700439453125,21.74863624572754,0,0
9.7377904655925,76.92699826503981,882.2801513671875,0.0017999999690800905,0,0.0,18.451147079467773,0,0
9.336318508644851,76.40521734547949,0.4875859022140503,0.0008999999845400453,0,486.9629821777344,0.19842788577079773,1,1
9.33523133227732,76.48336962547292,-0.18173789978027344,0.01080000028014183,0,957.2447509765625,0.23205339908599854,1,1
9.798444834098214,76.44387609250897,0.0,0.012600000016391277,0,897.4169921875,0.0,1,1
10.705178660325387,76.0014094303625,-0.02140899747610092,0.0017999999690800905,0,89.74169921875,0.31861671805381775,1,1
11.855776012565705,75.74972408557657,175.4466094970703,0.0008999999845400453,0,808.2290649414062,21.57259750366211,0,0
10.226661486177296,76.22563506063953,0.5,0.006300000008195639,0,179.4833984375,0.0,1,1
9.853242801183809,77.05197595257617,968.9808959960938,0.0008999999845400453,0,1192.0604248046875,25.899431228637695,0,0
10.241837915924357,77.0285875946437,1258.1181640625,0.007199999876320362,0,676.874267578125,24.461557388305664,0,0
12.606765338129138,75.05246230101999,60.08380889892578,0.011699999682605267,0,418.7945861816406,11.894643783569336,0,0
9.682286962092542,76.62400449587669,3.5,13.623299598693848,0,119.65559387207031,10.098027229309082,1,1
9.649398356198773,76.84462128972841,241.3573455810547,0.0008999999845400453,0,529.2308959960938,31.151695251464844,0,0
9.309105177033363,76.57723915580054,2.4077205657958984,0.0008999999845400453,0,444.70208740234375,1.0852349996566772,1,1
10.136110159779879,76.20474300340442,0.0,0.0008999999845400453,0,628.19189453125,0.0,1,1
11.658997252058448,76.1527038813176,736.2701416015625,0.003599999938160181,0,275.7925109863281,7.575807094573975,0,0
10.856798946818774,76.67679768317353,112.5,0.01080000028014183,0,575.4053344726562,0.0,1,1
9.267368906551221,76.58261144037351,6.393197536468506,0.0017999999690800905,0,1076.900390625,16.191680908203125,1,1
9.191287754860296,76.7824526849405,33.997779846191406,0.024299999698996544,0,107.85609436035156,3.806997060775757,0,0
11.443157516658745,76.14560562414674,1962.4754638671875,0.003599999938160181,0,1291.85107421875,32.34788513183594,0,0
10.216312313704059,76.41490201872699,15.564452171325684,0.0017999999690800905,0,690.615966796875,9.07689380645752,0,0
11.82127227184747,75.72136312843126,195.31529235839844,0.0008999999845400453,0,253.82785034179688,6.989320755004883,0,0
8.731744389873366,77.12093132827749,288.2657165527344,0.0008999999845400453,0,200.6685333251953,22.556974411010742,0,0
11.003821279673263,75.89661090309431,1.1960147619247437,0.0008999999845400453,0,589.9943237304688,0.380280464887619,1,1
12.108807955176117,75.43353834304527,154.00204467773438,0.00989999994635582,0,634.5696411132812,12.370855331420898,0,0
10.52295378032192,76.10922059471721,1.0027657747268677,0.0008999999845400453,0,329.0528869628906,0.2623799741268158,1,1
9.5568154085779,76.49328407416783,0.08740402013063431,0.0008999999845400453,0,988.969970703125,0.15475405752658844,1,1
10.576328707447304,76.15236007497157,0.13167472183704376,0.02070000022649765,0,448.70849609375,0.6340150237083435,1,1
9.18490821548296,76.80243391132913,32.19784164428711,0.0017999999690800905,0,59.827796936035156,5.5194573402404785,0,0
10.271612220408667,77.06140902380668,1554.703857421875,2.476799964904785,0,613.7818603515625,27.508878707885742,0,0
10.565258074989522,76.38212332157568,254.51974487304688,0.0008999999845400453,0,807.67529296875,21.0935001373291,0,0
12.128562536716842,75.61324846822419,401.6138610839844,0.31139999628067017,0,999.7688598632812,19.63233757019043,0,0
11.407034978036616,75.76392114033162,16.83570671081543,0.0027000000700354576,0,923.4629516601562,7.320887565612793,0,0
10.502683512016153,76.10823571241582,0.5,0.0414000004529953,0,59.827796936035156,2.1811859607696533,1,1
9.761451933918746,76.46884122486344,0.19972214102745056,0.0008999999845400453,0,253.82785034179688,0.11522892862558365,1,1
9.578141293539751,76.4597395907291,-0.6336744427680969,0.003599999938160181,0,1256.3837890625,1.6805293560028076,1,1
11.2505857288068,75.83003110286494,18.281307220458984,0.0008999999845400453,0,530.0756225585938,4.972561359405518,0,0
11.066473582155224,76.2440137059109,41.704532623291016,0.015300000086426735,0,269.22509765625,6.144436836242676,0,0
9.684695826443686,76.94184604771299,1050.0872802734375,0.0008999999845400453,0,465.3510437011719,15.296744346618652,0,0
10.843447864979762,76.43087477287014,102.73164367675781,0.005400000140070915,0,1269.1392822265625,1.6936239004135132,0,0
9.57322790395191,76.3985770231437,0.0,0.0008999999845400453,0,2647.67578125,0.0,1,1
10.988595801449481,76.54257888939297,93.5,0.03869999945163727,0,119.65559387207031,0.0,1,1
10.438048156663465,76.46840576042086,74.0,0.012600000016391277,0,179.4833984375,0.0,1,1
10.261981706484116,76.27828064648135,6.332056999206543,0.0008999999845400453,0,1244.216796875,0.5386325716972351,1,1
9.483426112061863,76.47692605043156,0.1058613583445549,0.0008999999845400453,0,0.0,0.34841299057006836,1,1
9.355378153033914,77.20383243398811,1156.0111083984375,0.0017999999690800905,0,3327.038818359375,25.854341506958008,0,0
11.72417258142027,75.5139485128394,1.5,0.0017999999690800905,0,803.7882080078125,3.95395565032959,0,0
9.993852870896534,76.24337922605487,0.0,0.0017999999690800905,0,29.913898468017578,0.0,1,1
9.529085827923284,77.1380462168065,832.2606201171875,0.0027000000700354576,0,66.88951110839844,16.66684913635254,0,0
9.468039791893055,76.3753469639056,0.6521978378295898,0.007199999876320362,0,179.4833984375,2.4768574237823486,1,1
12.080527652539864,75.6197121555216,331.4101867675781,0.0017999999690800905,0,1265.25537109375,19.808807373046875,0,0
9.208093004250408,76.64136405516545,3.5,0.0008999999845400453,0,338.4371337890625,0.0,1,1
8.547818673313381,77.18745773795692,81.0,0.08100000023841858,0,29.913898468017578,0.0,1,1
9.266792133445184,76.48749297791417,0.5893164873123169,0.0008999999845400453,0,688.0196533203125,1.6482518911361694,1,1
11.06233479433461,75.9131537321499,3.61956787109375,0.0008999999845400453,0,149.56948852539062,0.72379070520401,1,1
9.301111995835633,76.50986559675162,0.043423768132925034,0.0008999999845400453,0,215.71218872070312,0.4157513380050659,1,1
11.348952026444858,75.783309157598,1.5,0.003599999938160181,0,89.74169921875,0.0,1,1
9.591813895789048,76.41584954958505,0.0,0.2393999993801117,0,3061.465087890625,0.0,1,1
10.5309632589845,76.38502159905362,77.0,0.026100000366568565,0,29.913898468017578,0.0,1,1
8.836969829445204,76.67596911859575,0.0,0.0027000000700354576,0,861.291748046875,0.0,1,1
10.19702610677051,76.32713256386079,10.081336975097656,0.00989999994635582,0,464.3885803222656,0.7087033987045288,0,0
11.291936460941841,76.30975836932359,41.34843826293945,0.0008999999845400453,0,126.91392517089844,4.421645164489746,0,0
9.58384729091824,76.701925654311,136.06182861328125,0.0008999999845400453,0,1752.9647216796875,13.182351112365723,0,0
10.39438062071114,76.64223983143698,638.6995849609375,0.0017999999690800905,0,719.1788940429688,12.672779083251953,0,0
8.700152677552076,76.7501495390618,0.5,0.003599999938160181,0,360.2110290527344,0.0,1,1
9.110062082585257,77.06560324559715,175.5604705810547,0.0008999999845400453,0,622.4678955078125,22.051895141601562,0,0
9.537059712500742,76.43474996204078,0.0,0.017100000753998756,0,880.3025512695312,0.0,1,1
11.167961477916878,76.69003410233212,487.99298095703125,0.0008999999845400453,0,29.913898468017578,6.913557052612305,0,0
10.355554546696506,76.79624973827276,702.4534912109375,0.003599999938160181,0,444.70208740234375,16.29861068725586,0,0
8.934466834674149,76.89478671641446,88.37376403808594,0.0008999999845400453,0,378.38421630859375,2.661749839782715,0,0
10.395713537228083,76.35519957216033,30.12113380432129,0.0008999999845400453,0,269.22509765625,2.2759666442871094,0,0
9.851982979700635,76.49813792704198,0.8497739434242249,0.0008999999845400453,0,29.913898468017578,0.4805296063423157,1,1
9.009170064914606,76.90719384472459,43.274837493896484,0.0017999999690800905,0,1501.9637451171875,10.079587936401367,0,0
9.939583822880424,76.64537163693309,63.999900817871094,0.0017999999690800905,0,448.70849609375,6.354010581970215,0,0
8.717125082033059,76.7884425307369,48.6556396484375,0.0027000000700354576,0,628.19189453125,11.188620567321777,0,0
11.87838707925777,75.4270573560638,35.35483169555664,0.0008999999845400453,0,549.9603271484375,5.877753257751465,0,0
12.222858637875877,75.28705102362859,121.7706298828125,0.0008999999845400453,0,1332.7640380859375,4.352694511413574,0,0
10.887219613526351,76.04759749516849,63.43186569213867,0.0008999999845400453,0,1365.5948486328125,6.623011589050293,0,0
9.589685111149803,76.65174830275515,68.83856201171875,0.0027000000700354576,0,1332.7640380859375,11.947846412658691,0,0
12.273497861680978,75.27554486892866,55.988094329833984,0.01080000028014183,0,253.82785034179688,9.285667419433594,0,0
9.504943266898637,76.47226286230904,-0.4689876139163971,0.0027000000700354576,0,42.30464172363281,2.6794259548187256,1,1
11.406794857067448,76.1779014901033,885.1653442382812,0.0027000000700354576,0,867.5030517578125,27.264324188232422,0,0
11.047203454368702,76.65964272908583,621.8834838867188,0.0017999999690800905,0,59.827796936035156,33.70872116088867,0,0
9.330541218165079,76.44036406601981,0.004556045401841402,0.014399999752640724,0,973.0067749023438,3.046489715576172,1,1
8.546558120774296,77.07370428551738,92.39044952392578,0.003599999938160181,0,2757.92529296875,12.093849182128906,0,0
8.821895743876203,76.6511827571163,0.0,0.0027000000700354576,0,119.65559387207031,0.0,1,1
8.805097284987346,77.22537117197835,1534.4140625,0.0027000000700354576,0,3079.824462890625,16.709678649902344,0,0
8.81113516772069,76.70178559412338,39.84128189086914,0.00989999994635582,0,2194.13916015625,10.892268180847168,1,1
11.70678107609721,75.99825050295645,740.9194946289062,0.0027000000700354576,0,66.88951110839844,5.465240478515625,0,0
9.84379267125975,76.28094752066117,-0.8287340998649597,0.008999999612569809,0,29.913898468017578,3.088041305541992,1,1
10.133079455383527,76.2223276459716,6.252420902252197,0.003599999938160181,0,1337.790283203125,2.1059341430664062,0,0
10.808328374124148,76.73360373452665,112.9079360961914,0.0017999999690800905,0,690.615966796875,6.858486175537109,0,0
10.997476562769975,75.86634823034588,9.418146133422852,0.0017999999690800905,0,59.827796936035156,7.578924179077148,0,0
10.18544054345071,76.34042091885834,1.9763182401657104,0.012600000016391277,0,66.88951110839844,1.3093724250793457,1,1
9.214119997578411,76.56867229798723,18.988656997680664,0.0008999999845400453,0,698.3469848632812,4.271230220794678,0,0
10.107231432667398,76.92624417358469,724.8134155273438,0.0017999999690800905,0,538.4501953125,17.99681854248047,0,0
9.442195709411696,76.49264223725706,-1.0999667644500732,0.003599999938160181,0,299.13897705078125,0.587396502494812,1,1
10.253466657200793,77.13522842314462,1627.914794921875,0.0008999999845400453,0,1296.00048828125,10.461688041687012,0,0
8.62088927161959,76.97367670730942,89.07817840576172,0.0027000000700354576,0,1233.381591796875,3.8620188236236572,0,0
10.15478278617292,76.64666614883765,20.5,51.77790069580078,0,149.56948852539062,0.0,1,1
8.731673010989313,76.71351847679499,40.765663146972656,0.0008999999845400453,0,2178.791748046875,2.9252374172210693,0,0
10.529743461673249,76.10513987154458,1.008384346961975,0.0008999999845400453,0,126.91392517089844,1.2497440576553345,1,1
9.148317714145456,76.96286428101953,30.83611297607422,0.003599999938160181,0,84.60928344726562,16.446794509887695,0,0
9.107139390631525,76.8860342360497,120.1384506225586,0.18539999425411224,0,1967.279541015625,14.464027404785156,0,0
9.70383250536652,76.49685652820173,0.30121153593063354,0.0008999999845400453,0,358.966796875,1.000559687614441,1,1
9.568239068398544,76.44752711124524,-0.7089386582374573,0.005400000140070915,0,1121.2725830078125,0.7110466957092285,1,1
10.566408377027203,76.1974531338082,6.116470813751221,0.0008999999845400453,0,1435.8671875,2.6408398151397705,0,0
10.912382627543657,76.20009079963422,16.974828720092773,0.0008999999845400453,0,688.0196533203125,1.4664546251296997,0,0
10.549656788210795,76.61251140960873,93.98272705078125,0.007199999876320362,0,338.4371337890625,1.040220856666565,0,0
10.236249328689913,76.76964304729741,160.0,0.0027000000700354576,0,1286.297607421875,0.0,1,1
10.084116587005227,76.21795459086776,0.0,0.005400000140070915,0,3501.33203125,0.30408692359924316,1,1
9.313031421185874,76.50153795887222,0.5329118371009827,0.0008999999845400453,0,84.60928344726562,0.05566734820604324,1,1
8.930385304734074,77.10971365809789,114.5,0.13410000503063202,0,837.5891723632812,0.0,1,1
12.430000128833008,75.20784596353208,52.8145866394043,0.0027000000700354576,0,211.52320861816406,8.443343162536621,0,0
10.639800901289465,76.3754128186276,124.93263244628906,0.0044999998062849045,0,1405.9532470703125,11.688898086547852,0,0
9.393681695130429,76.60762309750989,2.6472644805908203,0.01080000028014183,0,444.70208740234375,0.6896136999130249,1,1
9.01536852947659,76.66128631929136,1.4155142307281494,0.0044999998062849045,0,149.56948852539062,0.6445687413215637,1,1
10.402380927426586,76.55453032374682,395.95245361328125,0.016200000420212746,0,179.4833984375,20.91441535949707,0,0
11.615223677487258,75.58633565417253,14.42341423034668,0.013500000350177288,0,846.0928344726562,3.533665657043457,0,0
10.744925115788469,76.49326206607081,71.92244720458984,0.0008999999845400453,0,329.0528869628906,5.931434631347656,0,0
8.956925818865505,76.7090064128822,22.819368362426758,0.003599999938160181,0,416.65240478515625,0.7730554342269897,0,0
8.340167955911229,77.12702853449812,41.384521484375,0.0008999999845400453,0,538.4501953125,8.635132789611816,0,0
9.82492025109585,76.77645559667938,96.78932189941406,0.005400000140070915,0,720.4220581054688,12.074187278747559,0,0
10.008506049574558,77.11879979844133,925.9573974609375,0.0044999998062849045,0,191.5424041748047,4.967071533203125,0,0
10.535479553944741,76.58127842324352,72.16295623779297,0.0017999999690800905,0,0.0,2.877000570297241,0,0
10.331300779603783,76.67551657079365,668.1161499023438,0.0044999998062849045,0,711.0452880859375,18.42789077758789,0,0
10.898103970112714,75.97548488650317,37.64812469482422,0.0017999999690800905,0,507.65570068359375,4.255009651184082,0,0
10.512323845840973,76.3798297105565,216.5992889404297,0.0008999999845400453,0,1186.4171142578125,9.507978439331055,0,0
9.227818843520412,76.90411772721559,156.16888427734375,0.0008999999845400453,0,939.3154907226562,15.80565071105957,0,0
9.995415546679535,77.03490743542221,865.2651977539062,0.0008999999845400453,0,1447.0413818359375,9.883651733398438,0,0
10.8620418817191,76.64948485531205,112.5,0.0017999999690800905,0,269.22509765625,0.0,1,1
8.526732057318133,77.183549242864,81.0,0.0008999999845400453,0,169.21856689453125,0.0,1,1
8.678304915551031,77.05456993214477,101.94957733154297,0.017100000753998756,0,1587.9744873046875,6.660988807678223,0,0
10.247305958774817,76.78368901361621,160.0,0.017100000753998756,0,59.827796936035156,0.0,1,1
9.311033413808474,76.68478208580068,20.216306686401367,0.0008999999845400453,0,253.82785034179688,7.017020225524902,0,0
10.536685365195298,76.16466824632172,0.2549356520175934,0.0008999999845400453,0,329.0528869628906,1.705152153968811,1,1
10.784712136905055,76.7979742220808,137.83303833007812,0.013500000350177288,0,987.15869140625,1.915602445602417,0,0
9.56495404106947,76.49642444516864,-0.7810407876968384,0.0027000000700354576,0,740.6333618164062,0.14121171832084656,1,1
11.40266707545409,76.19359767850482,948.2102661132812,0.0027000000700354576,0,1593.0379638671875,33.09873962402344,0,0
9.178061592793892,76.78801907818136,25.632335662841797,0.003599999938160181,0,42.30464172363281,3.5178592205047607,0,0
10.310984008771706,76.33191029618021,15.294397354125977,0.0008999999845400453,0,59.827796936035156,2.358002185821533,0,0
11.51306229514866,75.69352130893905,104.96556091308594,0.0008999999845400453,0,944.54052734375,15.263344764709473,0,0
9.696059912991988,76.95925445168126,822.8777465820312,0.0008999999845400453,0,209.3972930908203,4.423670768737793,0,0
11.54116020419588,75.62798208880025,31.697275161743164,0.0017999999690800905,0,191.5424041748047,14.698765754699707,0,0
8.897314830368375,77.16620507137989,114.5,0.02250000089406967,0,66.88951110839844,0.0,1,1
11.654586789909702,76.03271121400883,728.6423950195312,0.08550000190734863,0,516.3939819335938,3.3016510009765625,0,0
10.515259741856912,76.07025511112401,0.5,0.0017999999690800905,0,269.22509765625,0.0,1,1
9.191187138223766,77.02474011259714,531.28271484375,0.0008999999845400453,0,1903.7088623046875,9.130012512207031,0,0
11.115635302434743,76.66399899914451,629.3689575195312,0.0008999999845400453,0,529.2308959960938,20.23862648010254,0,0
10.164763853959446,76.35022208667364,14.668806076049805,0.01080000028014183,0,1172.76220703125,0.3928848206996918,0,0
9.514064365016292,76.46160146738693,-2.64095139503479,0.02969999983906746,0,253.82785034179688,1.6865007877349854,1,1
11.752223323098832,76.23269705581158,862.5272216796875,0.0027000000700354576,0,529.2308959960938,15.725826263427734,0,0
10.696337051361272,75.96198950118227,11.786347389221191,0.0008999999845400453,0,269.22509765625,8.109789848327637,0,0
10.511387460129038,76.04089472034167,0.0,0.0008999999845400453,0,2204.1083984375,0.0,1,1
9.220462364547934,76.6167670717274,3.3426756858825684,0.0008999999845400453,0,239.31118774414062,0.45164725184440613,1,1
9.608922577897886,76.36526657567323,11.023329734802246,0.0008999999845400453,0,253.82785034179688,0.19982530176639557,0,0
9.490322589394882,76.35971518881402,-0.597598135471344,0.003599999938160181,0,89.74169921875,3.9719595909118652,1,1
9.706272003266427,76.86168332023908,479.0387878417969,0.0017999999690800905,0,0.0,29.906394958496094,0,0
10.68652641079911,76.03949202341873,18.942628860473633,0.0017999999690800905,0,1447.0413818359375,6.053449630737305,0,0
9.574480595689332,76.41749995836265,0.0,0.023399999365210533,0,1562.697021484375,0.0,1,1
9.661873650671644,76.5019309501289,0.969160258769989,0.0008999999845400453,0,1018.8306884765625,2.4345858097076416,1,1
10.83686130414953,76.41586326371153,84.10198211669922,0.0008999999845400453,0,545.87744140625,8.635502815246582,0,0
10.909108923510237,76.11281303734013,36.0327033996582,0.02969999983906746,0,1166.64208984375,3.8445959091186523,0,0
10.70366908644418,76.06789342428469,26.49610137939453,0.0008999999845400453,0,592.2649536132812,6.182480335235596,0,0
11.354468022951169,75.76859590812117,12.75762939453125,0.0008999999845400453,0,957.2447509765625,4.729792594909668,0,0
11.606668102836277,76.11332157433212,1189.4605712890625,0.0027000000700354576,0,2429.47998046875,29.395084381103516,0,0
9.029011776571117,77.13497427501969,765.441162109375,0.013500000350177288,0,2101.01220703125,33.20580291748047,0,0
10.683630415284716,76.05403253792629,7.455685615539551,0.003599999938160181,0,1036.6795654296875,10.81820297241211,0,0
11.796463622263989,76.08253921946395,732.7609252929688,0.0017999999690800905,0,299.13897705078125,8.230406761169434,0,0
10.255327505556846,76.21277958342405,0.0,0.006300000008195639,0,119.65559387207031,0.33436664938926697,1,1
9.3607373247182,76.54996011508545,9.31328010559082,0.0008999999845400453,0,508.5362854003906,17.054967880249023,0,0
9.578453208229849,76.94813537062261,716.7600708007812,0.00989999994635582,0,465.3510437011719,33.733524322509766,0,0
12.520146049610853,75.02703777256089,59.08361053466797,0.0008999999845400453,0,1017.0725708007812,1.747733235359192,0,0
9.51817086857386,76.443998309332,0.05831214785575867,0.0008999999845400453,0,59.827796936035156,0.9824168682098389,1,1
9.22481864201636,76.4706476015324,9.453553199768066,0.0008999999845400453,0,1155.8538818359375,4.534917831420898,0,0
9.468123504012521,76.41648457818354,-0.5958138108253479,0.0027000000700354576,0,465.3510437011719,0.4268994927406311,1,1
10.54310539394823,76.17584011360422,1.4844908714294434,0.0008999999845400453,0,66.88951110839844,0.7187209725379944,1,1
10.223829291027428,76.84177639238796,985.108642578125,0.003599999938160181,0,1278.9722900390625,48.5563850402832,0,0
10.51237770332523,76.34843912749396,91.47639465332031,0.0008999999845400453,0,660.8196411132812,17.640905380249023,0,0
9.547299554931447,76.50073479237773,-0.3009164333343506,0.0027000000700354576,0,598.2779541015625,0.2096206396818161,1,1
10.494343042977059,76.15318911156433,0.6443856954574585,0.03779999911785126,0,1351.7640380859375,0.5652585625648499,1,1
9.654381192924195,76.5709878980204,2.5227980613708496,0.0027000000700354576,0,275.7925109863281,2.9725089073181152,1,1
9.870275905469324,76.40268541700058,31.875640869140625,0.0008999999845400453,0,1142.225341796875,7.397091865539551,0,0
9.230442172293763,76.61110842532835,2.8585128784179688,0.007199999876320362,0,676.874267578125,0.5085402727127075,1,1
10.814824277415184,75.99734776732099,1.411726713180542,0.0027000000700354576,0,29.913898468017578,2.7613489627838135,1,1
10.927706813168129,75.89266360890315,13.892287254333496,0.0027000000700354576,0,1522.967041015625,2.9444704055786133,0,0
9.14914193645688,76.96432700339724,26.5,22.398300170898438,0,84.60928344726562,5.488271713256836,1,1
11.410948476811964,75.74907763908234,0.5,0.0008999999845400453,0,149.56948852539062,5.825314998626709,1,1
9.74615194307042,76.43997478187771,0.14219269156455994,0.0008999999845400453,0,418.7945861816406,0.6871741414070129,1,1
11.191552661741412,76.0784767109852,40.6642951965332,0.0027000000700354576,0,1312.1260986328125,9.706168174743652,0,0
8.900855057116399,76.71138404460257,4.0,0.005400000140070915,0,119.65559387207031,4.17021369934082,1,1
9.549738960944147,76.8899731503166,89.35208892822266,0.005400000140070915,0,29.913898468017578,12.378442764282227,0,0
8.877774284190746,76.88631367111647,92.3621826171875,0.0017999999690800905,0,538.4501953125,21.218786239624023,0,0
10.844709885193987,76.70917348194611,112.5,0.02160000056028366,0,568.3640747070312,0.0,1,1
9.416344122647276,76.44058528038106,1.8351316452026367,0.0008999999845400453,0,211.52320861816406,0.5545315146446228,1,1
11.554528750956269,75.88766723101259,78.8328628540039,0.0008999999845400453,0,341.0709228515625,16.130407333374023,1,1
11.380513034342918,76.1366320683282,1576.8226318359375,0.0027000000700354576,0,1659.3453369140625,28.590362548828125,0,0
9.615293296831869,76.45523176189558,-0.11354339867830276,0.0008999999845400453,0,538.4501953125,0.1956513673067093,1,1
10.013050694840304,76.78653414164482,97.4254379272461,0.0017999999690800905,0,380.74176025390625,11.490461349487305,0,0
12.677625516548847,74.90267071170734,4.644706726074219,0.0008999999845400453,0,1372.4580078125,3.445101737976074,0,0
10.698831213976815,76.21894905606338,49.76350402832031,0.0008999999845400453,0,329.0528869628906,6.216943740844727,0,0
8.757058422013092,76.8943557673274,39.33472442626953,0.003599999938160181,0,89.74169921875,10.935900688171387,0,0
9.650999684444875,76.46751233648793,-1.0127164125442505,0.005400000140070915,0,119.65559387207031,0.6334786415100098,1,1
8.997156884975785,76.93701614647493,63.65822982788086,0.015300000086426735,0,538.4501953125,12.713454246520996,0,0
8.780072742467368,76.70454934302637,1.0,0.006300000008195639,0,84.60928344726562,0.0,1,1
9.524126836398075,76.3671994794919,0.0,0.0008999999845400453,0,1443.63623046875,0.0,1,1
9.524498340271537,76.43836843249971,0.0,0.0008999999845400453,0,42.30464172363281,0.0,1,1
9.743215433529937,76.44031887663436,0.4193691909313202,0.0008999999845400453,0,358.966796875,1.2550289630889893,1,1
9.456742398044845,76.50720477514677,-0.7313306927680969,0.0027000000700354576,0,807.67529296875,1.5908362865447998,1,1
9.45219470995649,76.49788458701329,0.09971866756677628,0.0008999999845400453,0,1405.9532470703125,1.1525787115097046,1,1
9.445558597466016,76.86722995573997,202.57603454589844,0.003599999938160181,0,1076.900390625,29.233932495117188,0,0
10.633445340852443,76.59325171583916,65.85043334960938,0.045899998396635056,0,444.70208740234375,0.36774957180023193,1,1
9.78577960043062,76.93515593290327,725.0,0.008100000210106373,0,418.7945861816406,0.0,1,0
9.378857376874253,76.41543403751307,0.3361824154853821,0.0017999999690800905,0,1570.408447265625,2.8411307334899902,1,1
11.470733025113496,75.7751536645217,21.25796890258789,0.008100000210106373,0,296.1324768066406,4.893383026123047,0,0
10.351744134745111,76.25924089618786,6.475570201873779,0.0027000000700354576,0,329.0528869628906,13.143416404724121,1,1
8.919726892478037,76.9925071718023,184.38917541503906,0.0008999999845400453,0,1364.28369140625,5.036958694458008,0,0
12.62439839247285,74.99532044702036,92.41106414794922,0.0017999999690800905,0,988.969970703125,2.359010696411133,0,0
11.773136305872498,75.57261829945757,22.586301803588867,0.0008999999845400453,0,927.3308715820312,2.2881667613983154,0,0
9.542239737748119,76.48082204466498,0.835120439529419,0.0008999999845400453,0,571.5042114257812,0.7152634263038635,1,1
10.93157538476968,76.4410213624055,123.94004821777344,0.0017999999690800905,0,1036.6795654296875,27.93995475769043,0,0
10.58848192432645,76.15353916819437,0.8019313812255859,0.011699999682605267,0,639.4861450195312,0.37247419357299805,1,1
11.908468557348497,75.46182911042925,22.592248916625977,0.012600000016391277,0,299.13897705078125,1.2809033393859863,0,0
11.916844746145394,75.55194229363562,91.62715148925781,0.00989999994635582,0,495.16314697265625,5.356353759765625,1,1
10.983152324156213,76.54394062877377,93.5,1.2798000574111938,0,149.56948852539062,0.0,1,1
11.450251445663572,75.98742843957926,27.823394775390625,0.0017999999690800905,0,0.0,14.541803359985352,0,0
9.446556359466904,77.20326878053244,1312.1630859375,0.0008999999845400453,0,2624.252197265625,5.070366382598877,0,0
11.809139443854544,76.03242562785431,731.9617919921875,0.023399999365210533,0,777.7613525390625,3.7684500217437744,0,0
9.415275674315827,76.52423879396102,-0.47525933384895325,0.003599999938160181,0,1076.900390625,0.6196577548980713,1,1
9.829669525661064,76.78077742668364,39.0,7.537499904632568,0,179.4833984375,0.0,1,1
9.574452063356443,76.39199579533364,0.0,0.0008999999845400453,0,3112.4833984375,0.0,1,1
8.465033464424717,77.00101663890929,27.204198837280273,0.0008999999845400453,0,624.6205444335938,5.804032325744629,0,0
10.035110788368671,76.96995785855673,1012.3419799804688,0.0008999999845400453,0,1579.4991455078125,10.67373275756836,0,0
10.145995293962764,76.65221579414941,22.5,0.0008999999845400453,0,0.0,1.674115777015686,1,1
11.257993535982799,76.26991949198482,39.333377838134766,0.012600000016391277,0,1506.4254150390625,5.3452324867248535,0,0
10.24678774392947,76.76666293191705,160.0,0.04859999939799309,0,119.65559387207031,0.0,1,1
10.890495147788837,76.67036998777654,345.79547119140625,0.0008999999845400453,0,1106.814208984375,22.692968368530273,0,0
10.265764835740882,76.38730350814912,39.680049896240234,0.003599999938160181,0,1062.2593994140625,11.724483489990234,0,0
10.250164448118207,76.71494349716565,160.0,0.3564000129699707,0,465.3510437011719,0.0,1,1
10.657030381901142,76.6507639807862,104.26884460449219,0.0017999999690800905,0,416.65240478515625,6.631009101867676,0,0
9.312145446939704,76.48032083602627,0.0,0.0017999999690800905,0,549.9603271484375,0.0,1,1
10.186834134298891,76.22297524686643,0.5,0.0008999999845400453,0,211.52320861816406,0.0,1,1
11.105991886678375,76.62878750645186,675.0114135742188,0.003599999938160181,0,1539.9122314453125,9.60205078125,0,0
11.398433350249569,76.10090716292662,1410.8883056640625,0.003599999938160181,0,1699.0462646484375,38.191993713378906,0,0
11.736138179099575,76.05614204266287,715.461181640625,0.0017999999690800905,0,478.62237548828125,0.2579200863838196,1,0
9.49030593102978,76.43604925836632,-0.17680631577968597,0.0008999999845400453,0,211.52320861816406,0.9502614140510559,1,1
9.566829201834315,76.39791218341792,0.0,0.5580000281333923,0,2441.238037109375,0.0,1,1
9.247833897906613,76.58986029007951,3.3514866828918457,0.0017999999690800905,0,796.5189819335938,8.979126930236816,1,1
10.267058670973036,77.16907738333677,968.964599609375,0.0008999999845400453,0,1205.8677978515625,1.7322070598602295,0,0
10.689362220455713,76.358650104176,57.54810333251953,0.016200000420212746,0,211.52320861816406,8.004640579223633,0,0
9.41740679860295,76.47157803892223,0.9580988883972168,0.0008999999845400453,0,467.2700500488281,1.018646478652954,1,1
9.418982160963282,76.40362696266418,0.9182021617889404,0.014399999752640724,0,275.7925109863281,0.44829586148262024,1,1
10.897722257942945,75.98665131732007,11.742602348327637,0.008100000210106373,0,448.70849609375,13.208526611328125,1,1
9.572479832362085,76.44479564209499,-0.47750771045684814,0.0017999999690800905,0,1589.945556640625,0.9208113551139832,1,1
10.889300239493625,76.17132901652826,23.80426597595215,0.017100000753998756,0,1009.1231079101562,1.6438014507293701,1,1
11.924563411857571,76.0319209893686,818.3677368164062,0.0017999999690800905,0,59.827796936035156,2.5354044437408447,0,0
11.330835875014104,76.11123152743735,616.908935546875,0.03420000150799751,0,1480.0579833984375,18.42449951171875,0,0
9.89809403180441,76.48010590513567,6.57759428024292,0.0044999998062849045,0,529.2308959960938,13.857075691223145,1,1
11.18067230978312,76.52206469125154,1766.9412841796875,0.0027000000700354576,0,1205.8677978515625,43.363563537597656,0,0
11.686028217318093,75.5620408044458,0.0,0.0027000000700354576,0,269.22509765625,5.78833532333374,1,1
10.796192145131734,75.93872142501573,0.6841288208961487,0.0008999999845400453,0,605.7102661132812,1.6714445352554321,1,1
10.846460999429661,75.96470866116258,2.3522121906280518,0.0008999999845400453,0,29.913898468017578,2.243467330932617,1,1
9.535135139326387,77.21655337142981,886.3773193359375,0.0008999999845400453,0,897.4169921875,22.1393985748291,1,0
9.851723170579097,76.2821288929371,1.1377427577972412,0.0008999999845400453,0,380.74176025390625,3.788346767425537,1,1
10.69620796451766,76.04324527113721,0.31362074613571167,0.0008999999845400453,0,571.5042114257812,0.06389433890581131,1,1
9.755290760053551,76.45376827784521,-0.13457977771759033,0.0008999999845400453,0,1136.7281494140625,1.2469292879104614,1,1
8.673671177644417,77.06133859494862,115.63041687011719,0.0044999998062849045,0,1046.9864501953125,16.6387939453125,0,0
9.768569973420913,76.76956664806575,238.51458740234375,0.008100000210106373,0,700.905029296875,23.969039916992188,0,0
10.959775168227377,76.5454692811566,251.0396270751953,0.06390000134706497,0,782.921630859375,6.751308917999268,0,0
11.615193768766066,75.64270137469501,38.3023681640625,0.0008999999845400453,0,551.5850219726562,1.920540690422058,0,0
9.356719291299076,76.45494906365876,0.03316301107406616,0.025200000032782555,0,1154.304443359375,0.4839266538619995,1,1
11.19275195052984,76.2914460712554,55.404605865478516,0.0017999999690800905,0,241.17356872558594,12.479140281677246,0,0
10.175965280793752,77.02638880422636,1962.5882568359375,0.026100000366568565,0,656.74462890625,7.226251125335693,0,0
11.046164347479543,76.20057693339646,135.2794647216797,0.0027000000700354576,0,571.5042114257812,17.568828582763672,0,0
9.538413469132989,76.39790166766981,-1.3595091104507446,0.0017999999690800905,0,2581.103271484375,1.411592721939087,1,1
9.751561884083838,76.95456448289592,781.8975219726562,0.0008999999845400453,0,538.4501953125,9.42740249633789,0,0
12.229142117762505,75.52012537472156,368.4823913574219,0.0008999999845400453,0,688.0196533203125,11.316962242126465,0,0
12.270180412687452,75.20376651865787,91.69640350341797,0.0008999999845400453,0,747.8474731445312,1.154006004333496,0,0
9.785021332424192,76.49909265208886,19.912416458129883,0.0008999999845400453,0,275.7925109863281,7.467584609985352,0,0
11.394367012327972,75.74557245285466,0.5,15.63029956817627,0,239.31118774414062,0.0,1,1
9.79399305115424,76.6356927926991,108.28002166748047,0.0008999999845400453,0,1586.5650634765625,3.401482343673706,0,0
9.348101013568995,77.16609310264258,1027.968994140625,0.0008999999845400453,0,3407.16552734375,12.089776992797852,0,0
9.760438924936954,76.47283651582744,0.6635237336158752,0.008100000210106373,0,29.913898468017578,4.231433868408203,1,1
9.507264612393785,76.54926120536774,32.599857330322266,0.0008999999845400453,0,786.9118041992188,5.494647979736328,0,0
8.943119487153728,77.17492693507279,541.7217407226562,0.0017999999690800905,0,939.3154907226562,29.51833724975586,0,0
10.587503497503612,76.76506944424204,150.0,0.005400000140070915,0,388.88067626953125,0.0,1,1
9.621687560136408,76.38838724233638,0.0,0.0008999999845400453,0,1711.6397705078125,0.0,1,1
11.439268896461458,76.27223048101406,171.28890991210938,0.0008999999845400453,0,930.7020874023438,13.947701454162598,0,0
9.595668097382562,77.05945322686127,1001.6998291015625,0.0017999999690800905,0,1166.64208984375,25.85407829284668,0,0
9.939475831262223,77.07278996677746,774.640625,0.0008999999845400453,0,676.874267578125,10.825302124023438,0,0
9.660811257903,76.45671953424137,-0.3602539896965027,0.0008999999845400453,0,317.9891052246094,0.4198779761791229,1,1
9.763496975963134,76.29557746514303,-1.0,0.003599999938160181,0,239.31118774414062,0.0,1,1
9.530779322554404,76.4884075474574,0.6607403755187988,0.0008999999845400453,0,59.827796936035156,0.47109636664390564,1,1
9.629885077515992,76.4606286812258,-0.2698177993297577,0.0027000000700354576,0,777.7613525390625,2.0896406173706055,1,1
9.45913760973182,76.50288274347174,0.2852476239204407,0.0017999999690800905,0,1286.297607421875,1.9020805358886719,1,1
10.300862996153276,76.18726446646639,0.7603838443756104,0.0008999999845400453,0,239.31118774414062,0.6220164895057678,1,1
10.37566377946045,76.1223005259676,12.37813663482666,0.0008999999845400453,0,998.4254150390625,2.822545051574707,0,0
10.170937097028846,76.33314892566071,1.0684634447097778,0.01080000028014183,0,0.0,1.370774745941162,1,1
8.917261475325923,77.13703937515234,114.5,0.5480999946594238,0,656.0630493164062,0.0,1,1
11.955043967012632,75.80197100269682,215.77098083496094,0.0008999999845400453,0,1076.900390625,22.654287338256836,1,0
10.12520326945884,76.20123486291389,1.075730800628662,0.0008999999845400453,0,1503.15478515625,1.8923289775848389,1,1
10.835007342939408,76.62172287732793,90.0,0.0008999999845400453,0,592.2649536132812,0.0,1,1
8.846594313328957,76.67483268358562,0.0,0.0008999999845400453,0,149.56948852539062,0.0,1,1
12.22503678470571,75.34677183175877,101.13062286376953,0.0017999999690800905,0,267.55804443359375,14.596290588378906,0,0
9.381214406970763,76.46221132297407,2.4214580059051514,0.0008999999845400453,0,0.0,1.3328839540481567,1,1
9.310246044691146,76.85653342483155,121.02973175048828,0.0008999999845400453,0,634.5696411132812,11.665035247802734,0,0
10.01337908582707,76.26361478802318,0.0,0.003599999938160181,0,1798.0716552734375,0.0,1,1
11.251172701520803,76.46931883893461,2031.499267578125,0.017999999225139618,0,2093.972900390625,48.23478317260742,0,0
11.951111434878834,75.55915903267442,48.33283996582031,0.0044999998062849045,0,825.211669921875,10.786898612976074,0,0
9.557612188569083,76.4570916754248,0.27067938446998596,0.0017999999690800905,0,42.30464172363281,3.1881697177886963,1,1
9.534417728437074,76.39293589832013,0.830511212348938,0.0008999999845400453,0,1926.603759765625,0.22317622601985931,1,1
9.325014642102778,76.40305406003658,0.569621205329895,0.0008999999845400453,0,598.2779541015625,0.9688032865524292,1,1
9.792575502453175,76.4083139141115,0.0,0.0017999999690800905,0,66.88951110839844,2.9094972610473633,1,1
10.382828091142128,76.25206765992885,1.097440481185913,0.011699999682605267,0,444.70208740234375,1.4623146057128906,1,1
10.155481803887492,76.43318045316508,1.0,0.0008999999845400453,0,126.91392517089844,0.0,1,1
9.575049795206603,76.41724654216833,0.0,0.0008999999845400453,0,1625.291259765625,0.0,1,1
10.188553975556673,76.56420548846144,5.0,0.0044999998062849045,0,107.85609436035156,3.364036798477173,1,1
10.022400367505242,76.53708722668705,46.337059020996094,0.0008999999845400453,0,507.65570068359375,2.5840349197387695,0,0
9.34264547255717,76.39429646841252,0.03751785308122635,0.0017999999690800905,0,529.2308959960938,0.5246084928512573,1,1
8.484301224792187,77.12112716233096,61.96836471557617,0.0008999999845400453,0,209.3972930908203,3.771131992340088,0,0
10.485301839508713,76.09412594349574,0.6415437459945679,0.0008999999845400453,0,508.5362854003906,0.34445345401763916,1,1
10.50723124356788,76.15586266342281,0.7262924909591675,0.01080000028014183,0,613.7818603515625,0.6797133684158325,1,1
10.803308775221703,76.65526773223922,72.98648071289062,0.003599999938160181,0,149.56948852539062,6.364126205444336,1,1
11.905063763130467,75.86197418961643,717.4791259765625,0.0008999999845400453,0,1551.4906005859375,31.55908966064453,0,0
9.307174693383981,76.51325852779436,0.269733726978302,0.0008999999845400453,0,358.966796875,0.10756954550743103,1,1
9.377812896837124,76.49479864213748,-0.1853807121515274,0.0008999999845400453,0,821.4075317382812,0.43675729632377625,1,1
